File,Ground_Truth,Raw_STT,Corrected_STT,Trigger_Keyword,Matched_Menu,교정성공(키워드보존),RAG성공(카테고리일치)
EX20QB228_EX0186_20210805.wav,"{'Reading': '', 'ReadingLabelText': '', 'Question': '간식을 자주 먹나요? 어떤 간식을 좋아하나요? 그 간식을 좋아하는 이유는 무엇인가요?', 'AnswerLabelText': '네 저는 간식을 많이 먹어요 나는 빼빼로와 오리온 초코파이를 좋아하는데 맛이 달라서 맛있어요', 'SentenceSpeechLV': '중'}","네, 저는 단식을 많이 먹어요. 나는 배패로와 오리온 조코파이들 좋아하는데, 맛이 달라서 맛있어요.","네, 저는 단식을 많이 먹어요. 나는 배패로와 오리온 조코파이들 좋아하는데, 맛이 달라서 맛있어요.",초코,['ICE 초코'],O,O
JP12RC045_JP0042_20210801.wav,"우리는 차가운 아메리카노 세 잔과, 수박 스무디 한 잔, 그리고 딸기 생크림 케이크를 주문했습니다.","우리는 차강 아메리카노, 세장과 수박숨우디, 한장 그리고 딸기생크림 케이크를 주문했습니다.",아메리카노,아메리카노,['아메리카노'],O,O
EN22RB036_EN0051_20210915.wav,"급하게 초코소라빵을 바닥에 내려놓았고, 양손으로 입과 코를 모두 가린 뒤에, 계속 기침을 했습니다.",그 바게 초코 소라빵을 바닥에 내려 놓았고 양손으로 입과 코를 모두 가린 뒤에 계속 기침을 했습니다.,초코,초코,['ICE 초코'],O,O
JP30QA299_JP0289_20211115.wav,"{'Reading': '', 'ReadingLabelText': '', 'Question': '한국에서 카페에 가본 적이 있나요? 누구와 왜 갔나요? 무엇을 마셨나요?', 'AnswerLabelText': '한국에서 카페에 가본 적이 많이 있는데 항상 가족 중에서 누군가랑 같이 갔었어요 저는 아메리카노나 카페라테를 항상 마시고 있었어요', 'SentenceSpeechLV': '중'}",한국에서 카페에 가벼운 적이 많이 있는데 항상 가족 중에서 누군가와 같이 갔었어요 저는 아메리카나와 카페라들을 항상 마시고 있었어요,한국에서 카페에 가벼운 적이 많이 있는데 항상 가족 중에서 누군가와 같이 갔었어요 저는 아메리카노 카페라떼 항상 마시고 있었어요,아메리카노,['아메리카노'],O,O
EN22RB034_EN0051_20210915.wav,"또 늦은 시간인데도 와줘서 고맙다고 하시며, 초코소라빵을 꺼내서 저에게도 먹어 보라고 주셨어요.",또 은은진 시간인데도 와줘서 고맙다고 하시면 초코소란빵을 꺼내서 저에게도 먹어보라고 주셨어요.,초코,초코,['ICE 초코'],O,O
VN12RC046_VN0277_20211109.wav,"스무디를 시킨 친구는, 예전에 우유를 마시고 배가 아파 병원에 간 적이 있어서, 그 뒤로 우유가 든 라떼를 안 마신대요.","스무틸은 시킨 친구는 예전에 우유른 마시고 배가 아파, 병원에 간 적기 있어서 그 뒤로 우유가 뜬 라떼는 안 마신대요.","스무틸은 시킨 친구는 예전에 우유른 마시고 배가 아파, 병원에 간 적기 있어서 그 뒤로 우유가 뜬 라떼는 안 마신대요.",라떼,"['카페라떼', '바닐라라떼', '연유라떼', '카페모카', '카라멜마끼아또', 'ICE 카페라떼', 'ICE 바닐라라떼', 'ICE 연유라떼', 'ICE 카페모카', 'ICE 카라멜마끼아또']",O,O
JP13RC062_JP0042_20210801.wav,"어떻게 하면 친구를 깜짝 놀라게 해 줄 수 있을까 고민하다가, 제가 직접 쿠키와 빵을 만들어 주기로 결심했습니다.",어떻게 하면 친구를 깜짝 놀라게 해줄 수 있을까 고민하다가 제가 직접 끊기와 방금 만들어주기로 결심했습니다.,어떻게 하면 친구를 깜짝 놀라게 해줄 수 있을까 고민하다가 제가 직접 끊기와 방금 만들어주기로 결심했습니다.,쿠키,['ICE 카라멜마끼아또'],X,X
EX12RC045_EX0040_20210807.wav,"우리는 아이스 아메리카노 세 잔과, 수박 스무디 한 잔, 그리고 딸기 생크림 케이크를 주문했어요.",우리는 아이스 아메리코나 세장과 숲박스모디 한장 그리고 딸기 생크림 개이크를 주문했어요.,ICE 우리는 ICE 아메리코나 세장과 숲박스모디 한장 그리고 딸기 생크림 개이크를 주문했어요.,아메리카노,"['ICE 아메리카노', 'ICE 카페라떼', 'ICE 바닐라라떼', 'ICE 연유라떼', 'ICE 카페모카', 'ICE 카라멜마끼아또', 'ICE 디카페인 아메리카노', 'ICE 디카페인 카페라떼']",O,O
CN12RC045_CN0087_20210730.wav,"우리는 아이스 아메리카노 세 잔과, 산딸기 스무디 한 잔, 그리고 딸기 생크림 케이크를 주문했어요.",우리는 아이스 아메리카노 세정과 산달기 스무디 한잔 그리고 날기 생크림 개그를 주문했어요,ICE 아메리카노,아메리카노,['ICE 아메리카노'],O,O
TH12RC045_TH0226_20211111.wav,"우리는 아이스 아메리카노 세 잔과, 사과 스무디 한 잔, 그리고 딸기 생크림 케이크를 주문했어요.",우리는 아이스메리가로 세찬과 사과 스모티 한잔 그리고 나이기생크림 개그를 주문했어요.,ICE 우리는 ICE 세찬과 사과 스모티 그리고 나이기생크림 개그를 주문했어요.,아메리카노,['ICE 유자차'],X,X
VN12RC046_VN0224_20210731.wav,"스무디를 시킨 친구는, 예전에 우유를 마시고 배가 아파 병원에 간 적이 있어서, 그 뒤로 우유가 든 라떼를 안 마신대요.",스무디는 시킨 친구는 예전에 커피를 마시고 배가 아파 병원에 간 경험이 있어서 그 뒤로 커피를 절대로 안 마신대요.,스무디는 시킨 친구는 예전에 커피를 마시고 배가 아파 병원에 간 경험이 있어서 그 뒤로 커피를 절대로 안 마신대요.,라떼,"['아메리카노', '카페라떼', '바닐라라떼', '연유라떼', '카페모카', '카라멜마끼아또', '에스프레소', 'ICE 아메리카노', 'ICE 카페라떼', 'ICE 바닐라라떼']",O,O
CN10QC271_CN0417_20211012.wav,"{'Reading': '', 'ReadingLabelText': '', 'Question': '가장 좋아하는 과일이 무엇인가요? 왜 그 과일을 좋아하나요?', 'AnswerLabelText': '가장 좋아하는 과일은 복숭아인데요 그 과일을 좋아하는 이유는 여름에는 복숭아 많이 먹으면은 사람 몸이도 많이 좋아진다고 했어요', 'SentenceSpeechLV': '상'}",가장 좋아하는 과일은 복숭아인데요. 그 과일을 좋아하는 이유는 여름에는 복숭아 많이 먹으면 사람 몸이 또 많이 좋아진다고 했어요.,가장 좋아하는 과일은 복숭아 그 과일을 좋아하는 이유는 여름에는 복숭아 많이 먹으면 사람 몸이 카라멜마끼아또 많이 좋아진다고 했어요.,복숭아,['카라멜마끼아또'],X,X
TH12RC045_TH0040_20210731.wav,"우리는 아이스 아메리카노 세 잔과, 사과 스무디 한 잔, 그리고 딸기 생크림 케이크를 주문했어요.","우리는 아이스 아메리카노, 세장과 사과 스모티 한장 그리고 딸기 생크림, 개입을 주문했어요.",ICE 아메리카노,아메리카노,['ICE 아메리카노'],O,O
EX30QA299_EX0366_20210824.wav,"{'Reading': '', 'ReadingLabelText': '', 'Question': '한국에서 카페에 가본 적이 있나요? 누구와 왜 갔나요? 무엇을 마셨나요?', 'AnswerLabelText': '저는 카페를 너무 좋아합니다 친구들과 같이도 가 보고 동료들도 같이 가 보고 아/ 주로 아/ 아이스 커피를 아메리카노 커피를 마십니다', 'SentenceSpeechLV': '중'}","저는 카페를 너무 좋아합니다. 친구들과 같이 녹아보고, 동료들도 같이 가보고, 주로 아이스크림을 아메리카 안아꼽비를 마십니다.","ICE 저는 카페를 너무 좋아합니다. 친구들과 같이 녹아보고, 동료들도 같이 가보고, 주로 ICE 아메리카노 안아꼽비를 마십니다.",아메리카노,['ICE 아메리카노'],O,O
CN30QA299_CN0475_20211021.wav,"{'Reading': '', 'ReadingLabelText': '', 'Question': '한국에서 카페에 가본 적이 있나요? 누구와 왜 갔나요? 무엇을 마셨나요?', 'AnswerLabelText': '친구랑 항상 카페에 갔습니다 어/ 보통 아메리카노 아메리카노를 마셨습니다', 'SentenceSpeechLV': '상'}","친구랑 항상 커피에 갔습니다. 보통 아메리카노, 아메리카노을 마셨습니다.",아메리카노,아메리카노,['아메리카노'],O,O
EX12RC045_EX0290_20210727.wav,"우리는 아이스 아메리카노 세 잔과, 수박 스무디 한 잔, 그리고 딸기 생크림 케이크를 주문했어요.",우리 아이스 아메리카노 세 장과 수박 수무디 한 장 그리고 딸기 생크림 케익을 주문했어요.,ICE 아메리카노,아메리카노,['ICE 아메리카노'],O,O
CN12RC045_CN0253_20210727.wav,"우리는 아이스 아메리카노 세 잔과, 산딸기 스무디 한 잔, 그리고 딸기 생크림 케이크를 주문했어요.","우리는 아이스 아메리카노, 세장과 산타기 스무디 한잔 그리고 달기 싱크림 케이크를 주문했어요.",ICE 아메리카노,아메리카노,['ICE 아메리카노'],O,O
VN20QB228_VN0328_20210910.wav,"{'Reading': '', 'ReadingLabelText': '', 'Question': '간식을 자주 먹나요? 어떤 간식을 좋아하나요? 그 간식을 좋아하는 이유는 무엇인가요?', 'AnswerLabelText': '간식을 자주 먹는 편이 아닌데 먹게 되면 보통 초코파이를 먹어요 단 거 좋아하니까요', 'SentenceSpeechLV': '상'}",간식을 자주 먹는 편이 아닌데 먹이 되면 보통 초코파이를 먹어요 단거 좋아하니까요,초코,초코,['ICE 초코'],O,O
JP20QB228_JP0208_20211105.wav,"{'Reading': '', 'ReadingLabelText': '', 'Question': '간식을 자주 먹나요? 어떤 간식을 좋아하나요? 그 간식을 좋아하는 이유는 무엇인가요?', 'AnswerLabelText': '간식은 매일 먹습니다 주로 좋아하는 간식은 감자칩 아니면 초콜릿 들어있는 과자를 좋아합니다 어릴 때부터 이 두 가지는 너무너무 좋아서 지금 먹어도 맛있으니까요', 'SentenceSpeechLV': '중'}",간식은 매일 먹습니다. 주로 좋아하는 간식은 감자칩 아니면 초콜릿 들어있는 과자를 좋아합니다. 어릴 때부터 이 두가지는 너무 너무 좋아서 지금 먹어도 맛있으니까요.,간식은 매일 먹습니다. 주로 좋아하는 간식은 감자칩 아니면 초콜릿 들어있는 과자를 좋아합니다. 어릴 때부터 아이스티 두가지는 너무 좋아서 지금 먹어도 맛있으니까요.,초콜릿,"['핫초코', '녹차라떼', '곡물라떼', 'ICE 초코', 'ICE 녹차라떼', 'ICE 곡물라떼', '캐모마일', '페퍼민트', '레몬차', '유자차']",X,X
EX12RC045_EX0671_20211006.wav,"우리는 아이스 아메리카노 세 잔과, 수박 스무디 한 잔, 그리고 딸기 생크림 케이크를 주문했어요.","우리는 아이스크림 아메리카노, 새 잔과 수박 스무 띄한 잔, 그리고 딸기 생크림 케이크를 주문했어요.",ICE 아메리카노,아메리카노,['ICE 아메리카노'],O,O
EN12RC045_EN1267_20211101.wav,"우리는 아이스 아메리카노 세 잔과, 수박 스무디 한 잔, 딸기 생크림 케이크와 와플을 주문했어요.",우리는 아이스 아메리카노 세장과 수박숨우디 한잔 딸기생 그림게 이크와 와플을 주문했어요.,ICE 아메리카노,아메리카노,['ICE 아메리카노'],O,O
EN12RC045_EN0027_20210815.wav,"우리는 아이스 아메리카노 세 잔과, 수박 스무디 한 잔, 딸기 생크림 케이크와 와플을 주문했어요.",우리는 아이스메 레카 노 세 장과 수박스무지 한 잔 딸기 생크림 케이크와 워프를 주문했어요,ICE 우리는 ICE메 레카 노 세 장과 수박스무지 한 잔 딸기 생크림 케이크와 워프를 주문했어요,아메리카노,['ICE 초코'],X,X
JP10QC242_JP0004_20210726.wav,"{'Reading': '', 'ReadingLabelText': '', 'Question': '가장 좋아하는 음료수는 무엇인가요? 여름과 겨울에 특별히 마시는 음료수가 있나요?', 'AnswerLabelText': '음/ 요즘 좋아하는 음료수는 아이스 아메리카노예요 여름에는 아이스 아메리카노 겨울에는 따뜻한 커피를 즐겨 먹습니다', 'SentenceSpeechLV': '중'}",요즘 좋아하는 요수는 아이스 아메리카노에요. 열매는 아이스 아메리카노. 겨울에는 따뜻한 커피을 줄겨먹습니다.,ICE 아메리카노,아메리카노,['ICE 아메리카노'],O,O
EX12RC045_EX0223_20210802.wav,"우리는 아이스 아메리카노 세 잔과, 수박 스무디 한 잔, 그리고 딸기 생크림 케이크를 주문했어요.",우리는 아이스크림 아메리카노샬찬과 소박 스모지 한 잔 그리고 딸기 생크림 케익을 주문했어요.,ICE 아메리카노,아메리카노,['ICE 아메리카노'],O,O
TH10QC242_TH0047_20210803.wav,"{'Reading': '', 'ReadingLabelText': '', 'Question': '가장 좋아하는 음료수는 무엇인가요? 여름과 겨울에 특별히 마시는 음료수가 있나요?', 'AnswerLabelText': '가장 좋아하는 음료수는 카페모카예요 여름과 겨울에 마실 수 있는 음료수예요', 'SentenceSpeechLV': '중'}",가장 좋아하는 음료수는 카페인 복카여 여름과 겨울에 맞힐 수 있는 음료수에요,가장 좋아하는 음료수는 카페인 복카여 여름과 겨울에 맞힐 수 있는 음료수에요,카페모카,"['아메리카노', '카페라떼', '바닐라라떼', '연유라떼', '카페모카', '카라멜마끼아또', '에스프레소', 'ICE 아메리카노', 'ICE 카페라떼', 'ICE 바닐라라떼']",O,O
CN12RC045_CN0320_20210915.wav,"우리는 아이스 아메리카노 세 잔과, 산딸기 스무디 한 잔, 그리고 딸기 생크림 케이크를 주문했어요.",우리는 아이스 아메리카노 세장과 산달기 스무디 한잔 그리고 딸기 생크림 케이크를 주문했어요,ICE 아메리카노,아메리카노,['ICE 아메리카노'],O,O
CN30QA299_CN0010_20210831.wav,"{'Reading': '', 'ReadingLabelText': '', 'Question': '한국에서 카페에 가본 적이 있나요? 누구와 왜 갔나요? 무엇을 마셨나요?', 'AnswerLabelText': '친구와 같이 유자차 녹차를 마신다', 'SentenceSpeechLV': '중'}",친구와 가지 요자자 녹차를 마신다.,친구와 가지 요자자 녹차라떼 마신다.,유자차,['녹차라떼'],X,X
JP10QC270_JP0135_20210731.wav,"{'Reading': '', 'ReadingLabelText': '', 'Question': '최근에 바다 혹은 산에 갔던 적이 있나요? 언제, 누구와 어디에 갔나요?', 'AnswerLabelText': '복숭아입니다 달고 부드럽고 식감이 좋고 그거를 먹으면 행복을 느낄 수 있기 때문입니다', 'SentenceSpeechLV': '중'}",복숭아입니다. 다르고 부불럽고 식감이 적고 그거를 먹으며 앱벅글 느끼일 수 있기 때문입니다.,복숭아 다르고 부불럽고 식감이 적고 그거를 먹으며 앱벅글 느끼일 수 있기 때문입니다.,복숭아,['복숭아 아이스티'],O,O
JP12RC045_JP0005_20210802.wav,"우리는 차가운 아메리카노 세 잔과, 수박 스무디 한 잔, 그리고 딸기 생크림 케이크를 주문했습니다.",우리는 차량 아메리카노 세 장과 수박 스문디 한 잔 그리고 딸기생 크림 케이크를 주문했습니다.,아메리카노,아메리카노,['아메리카노'],O,O
EX12RC045_EX0022_20210805.wav,"우리는 아이스 아메리카노 세 잔과, 수박 스무디 한 잔, 그리고 딸기 생크림 케이크를 주문했어요.","우리는 아이스메카 노 3장과 소박이 스모티 한장, 길이고 딸기 생키림 개큐를 주문했어요.","ICE 우리는 ICE 아메리카노 3장과 소박이 스모티 한장, 길이고 딸기 생키림 개큐를 주문했어요.",아메리카노,['ICE 아메리카노'],O,O
VN12RC046_VN0108_20210730.wav,"스무디를 시킨 친구는, 예전에 우유를 마시고 배가 아파 병원에 간 적이 있어서, 그 뒤로 우유가 든 라떼를 안 마신대요.",스무듀은 시킨 친구는 예전에 커피를 마시고 배가 아파 병원에 간 경험이 있어서 그 뒤로 커피른 절대로 안 마신데요.,스무듀은 시킨 친구는 예전에 커피를 마시고 배가 아파 병원에 간 경험이 있어서 그 뒤로 커피른 절대로 안 마신데요.,라떼,"['아메리카노', '카페라떼', '바닐라라떼', '연유라떼', '카페모카', '카라멜마끼아또', '에스프레소', 'ICE 아메리카노', 'ICE 카페라떼', 'ICE 바닐라라떼']",O,O
JP12RC045_JP0049_20210801.wav,"우리는 차가운 아메리카노 세 잔과, 수박 스무디 한 잔, 그리고 딸기 생크림 케이크를 주문했습니다.",우리는 차가운 아메리카노 세장과 수박 스무디 한자 그리고 딸기 생크림이 개그를 주문했습니다.,ICE 아메리카노,아메리카노,['ICE 아메리카노'],O,O
VN12RC045_VN0150_20210801.wav,"우리는 흑당 라떼 세 잔과, 수박 스무디 한 잔이랑 청포도 주스 두 잔, 그리고 딸기 팥빙수를 주문했어요.","아이스 아메리카노 세장과 수박 스무디 한장, 딸기생크림 케이크와 화풀은 주문했어요.",ICE 아메리카노,라떼,['ICE 아메리카노'],X,O
CN30QA299_CN0227_20210808.wav,"{'Reading': '', 'ReadingLabelText': '', 'Question': '한국에서 카페에 가본 적이 있나요? 누구와 왜 갔나요? 무엇을 마셨나요?', 'AnswerLabelText': '저 한국에서 카페를 가 봤는데 음/ 친구랑 같이도 가고 혼자도 가고 거기서 항상은 아메리카노를 마셔요', 'SentenceSpeechLV': '중'}",저 한국에서 카페를 가봤는데 친구랑 같이 갖고 혼자 또 갖고 거기서 항상는 아메리카너를 마셔요.,저 한국에서 카페를 가봤는데 친구랑 같이 갖고 혼자 카라멜마끼아또 갖고 거기서 항상는 아메리카노 마셔요.,아메리카노,['카라멜마끼아또'],X,O
JP10QC242_JP0174_20210730.wav,"{'Reading': '', 'ReadingLabelText': '', 'Question': '가장 좋아하는 음료수는 무엇인가요? 여름과 겨울에 특별히 마시는 음료수가 있나요?', 'AnswerLabelText': '가장 좋아하는 음료수는 키위주스 그레이프프루트 주스 자몽주스 상큼한 것을 좋아합니다 아이스 아메리카노도 맛있습니다', 'SentenceSpeechLV': '상'}",가장 좋아하는 운영수는 기위조수 그레프후루즈조수 자몬조수 쌍커만 고스를 좋아합니다 아이사��리카노도 맛있습니다,가장 좋아하는 운영수는 기위조수 그레프후루즈조수 자몬조수 쌍커만 고스를 좋아합니다 아이사��리카노도 맛있습니다,아메리카노,"['아메리카노', '카페라떼', '바닐라라떼', '연유라떼', '카페모카', '카라멜마끼아또', '에스프레소', 'ICE 아메리카노', 'ICE 카페라떼', 'ICE 바닐라라떼']",O,O
CN12RC045_CN0274_20210826.wav,"우리는 아이스 아메리카노 세 잔과, 산딸기 스무디 한 잔, 그리고 딸기 생크림 케이크를 주문했어요.",우리는 아이스 아메리카노 세 장과 산닥이 스무디 한 장 크리고 딸기 생크림 케이크를 주문했어요.,ICE 아메리카노,아메리카노,['ICE 아메리카노'],O,O
JP12RC045_JP0068_20211105.wav,"우리는 차가운 아메리카노 세 잔과, 수박 스무디 한 잔, 그리고 딸기 생크림 케이크를 주문했습니다.",우리는 차가운 아메리카노 세 장과 수박 스무티드 한 장 그리고 딸기 생크림 케이크를 주문했습니다.,ICE 아메리카노,아메리카노,['ICE 아메리카노'],O,O
VN10QC271_VN0294_20210817.wav,"{'Reading': '', 'ReadingLabelText': '', 'Question': '가장 좋아하는 과일이 무엇인가요? 왜 그 과일을 좋아하나요?', 'AnswerLabelText': '제가 가장 좋아하는 과일은 복숭아입니다 왜냐하면 맛있기 때문입니다', 'SentenceSpeechLV': '상'}",제가 가장 좋아하는 과일은 복숭아입니다. 왜냐하면 맛있기 때문입니다.,제가 가장 좋아하는 과일은 복숭아 왜냐하면 맛있기 때문입니다.,복숭아,['복숭아 아이스티'],O,O
EX12RC045_EX0511_20211010.wav,"우리는 아이스 아메리카노 세 잔과, 수박 스무디 한 잔, 그리고 딸기 생크림 케이크를 주문했어요.",우리는 아이스크림 아메리카노 세 잔과 수박 스모지 한 잔 그리고 딸기생 그림 케이크를 주문했어요.,ICE 아메리카노,아메리카노,['ICE 아메리카노'],O,O
TH30QA299_TH0233_20211030.wav,"{'Reading': '', 'ReadingLabelText': '', 'Question': '한국에서 카페에 가본 적이 있나요? 누구와 왜 갔나요? 무엇을 마셨나요?', 'AnswerLabelText': '네 한국에서 카페에 가 본 적이 있어요 친구와 같이 갔어요 어/ 제가 녹차라떼를 마셨어요', 'SentenceSpeechLV': '하'}",한국에서 카페 가본적이 있어요. 친구와 같이 갔어요. 제가 녹차 라떼을 마쳤어요.,한국에서 디카페인 가본적이 있어요. 친구와 같이 갔어요. 제가 녹차라떼 라떼을 마쳤어요.,"라떼, 녹차라떼","['아메리카노', '카페라떼', '바닐라라떼', '연유라떼', '카페모카', '카라멜마끼아또', '에스프레소', 'ICE 아메리카노', 'ICE 카페라떼', 'ICE 바닐라라떼']",O,O
CN12RC045_CN0201_20210727.wav,"우리는 아이스 아메리카노 세 잔과, 산딸기 스무디 한 잔, 그리고 딸기 생크림 케이크를 주문했어요.",우리는 아이스 아메리카노 세 장과 산빡이 스무리 한 잔 그리고 딸기 생크림 케이크를 주문했어요.,ICE 아메리카노,아메리카노,['ICE 아메리카노'],O,O
VN30QA299_VN0254_20210911.wav,"{'Reading': '', 'ReadingLabelText': '', 'Question': '한국에서 카페에 가본 적이 있나요? 누구와 왜 갔나요? 무엇을 마셨나요?', 'AnswerLabelText': '한국에서 카페에 가 본 적이 있습니다 그때 친구와 같이 가서 어/ 아스+ 아이스 아메리카노를 주문해서 마셨습니다', 'SentenceSpeechLV': '중'}",한국에서 카페 가본적이 있습니다. 그때 친구와 같이 가서 아이스 아메리카노을 주문해서 마셨습니다.,ICE 아메리카노,아메리카노,['ICE 아메리카노'],O,O
TH12RC045_TH0263_20211105.wav,"우리는 아이스 아메리카노 세 잔과, 사과 스무디 한 잔, 그리고 딸기 생크림 케이크를 주문했어요.",우리는 아이스 아메리카노 세 장과 서바스무드 한 잔 그리고 딸기생 그림 케이크를 주문했어요,ICE 아메리카노,아메리카노,['ICE 아메리카노'],O,O
CN10QC242_CN0231_20210801.wav,"{'Reading': '', 'ReadingLabelText': '', 'Question': '가장 좋아하는 음료수는 무엇인가요? 여름과 겨울에 특별히 마시는 음료수가 있나요?', 'AnswerLabelText': '좋아하는 음료수는 딱히 없는데 그냥 그렇게 달지 않고 어/ 시원하면 다 좋아요 요즘은 뭐/ 아메리카노에 푹 빠졌어요', 'SentenceSpeechLV': '상'}",좋아하는 뉴스를 딱히 없는데 그냥 그렇게 달지 않고 시원하면 다 좋아해요. 요즘은 뭐 아메리카로에 푹 빠졌어요.,좋아하는 뉴스를 딱히 없는데 그냥 그렇게 달지 않고 시원하면 마카다미아 좋아해요. 요즘은 뭐 아메리카노 푹 빠졌어요.,아메리카노,"['아메리카노', '카페라떼', '바닐라라떼', '연유라떼', '카페모카', '카라멜마끼아또', '에스프레소', 'ICE 아메리카노', 'ICE 카페라떼', 'ICE 바닐라라떼']",O,O
CN12RC045_CN0362_20211006.wav,"우리는 아이스 아메리카노 세 잔과, 산딸기 스무디 한 잔, 그리고 딸기 생크림 케이크를 주문했어요.",우리는 아이스 아마이리 컬러 세정과 산타기 스무디 한장 그리고 딸기 생크림 케이크를 준비했어요.,ICE 우리는 ICE 아마이리 컬러 세정과 산타기 스무디 한장 그리고 딸기 생크림 케이크를 준비했어요.,아메리카노,['ICE 카라멜마끼아또'],X,O
VN12RC046_VN0032_20210807.wav,"스무디를 시킨 친구는, 예전에 우유를 마시고 배가 아파 병원에 간 적이 있어서, 그 뒤로 우유가 든 라떼를 안 마신대요.",스무티를 시킨 친구는 예전에 커피를 마시고 배가 아파 병원에 간 경험이 있어서 그 뒤로 커피를 절대로 안 마신데요.,스무티를 시킨 친구는 예전에 커피를 마시고 배가 아파 병원에 간 경험이 있어서 그 뒤로 커피를 절대로 안 마신데요.,라떼,"['아메리카노', '카페라떼', '바닐라라떼', '연유라떼', '카페모카', '카라멜마끼아또', '에스프레소', 'ICE 아메리카노', 'ICE 카페라떼', 'ICE 바닐라라떼']",O,O
CN10QC271_CN0260_20210801.wav,"{'Reading': '', 'ReadingLabelText': '', 'Question': '가장 좋아하는 과일이 무엇인가요? 왜 그 과일을 좋아하나요?', 'AnswerLabelText': '어릴 때부터 어머님께서는 복숭아는 장수의 과일이라고 말씀해 주셨습니다 그 이유 때문인지는 몰라도 저는 복숭아를 참 좋아합니다 복숭아에는 여러 가지 영양소들이 많이 함유되어 있다고 합니다', 'SentenceSpeechLV': '상'}",어릴 때부터 어머님께서는 복숭아는 장수의 과일이라고 말씀해 주셨습니다. 그 이유 때문인지는 몰라도 저는 복숭아를 참 좋아합니다. 복숭아에는 여러 가지 영양소들이 많이 함유되어있다고 합니다.,어릴 때부터 어머님께서는 복숭아 장수의 과일이라고 말씀해 주셨습니다. 그 이유 때문인지는 몰라도 저는 복숭아 참 좋아합니다. 복숭아 여러 가지 영양소들이 많이 함유되어있다고 합니다.,복숭아,['복숭아 아이스티'],O,O
CN12RC045_CN0437_20211015.wav,"우리는 아이스 아메리카노 세 잔과, 산딸기 스무디 한 잔, 그리고 딸기 생크림 케이크를 주문했어요.","우리는 아이스 아메리카노, 세 장과 산다기, 스모티 한 장, 그리고 딸기 생크림 케이크를 주문했어요.",ICE 아메리카노,아메리카노,['ICE 아메리카노'],O,O
JP13RC062_JP0009_20210801.wav,"어떻게 하면 친구를 깜짝 놀라게 해 줄 수 있을까 고민하다가, 제가 직접 쿠키와 빵을 만들어 주기로 결심했습니다. ",이렇게 하면 친구를 깜짝 놀라게 해 줄 수 있을까 고민하다가 제가 직접 끄기와 방을 만들어 주기로 결심했습니다.,이렇게 하면 친구를 깜짝 놀라게 해 줄 수 있을까 고민하다가 제가 직접 끄기와 방을 만들어 주기로 결심했습니다.,쿠키,['유자차'],X,X
JP10QC271_JP0193_20210807.wav,"{'Reading': '', 'ReadingLabelText': '', 'Question': '가장 좋아하는 과일이 무엇인가요? 왜 그 과일을 좋아하나요?', 'AnswerLabelText': '가장 좋아하는 과일은 복숭아예요 달고 물도 많고 향기도 좋고 여름에 나온 과일이라 복숭아가 나오면 여름이 왔다고 느껴서 좋아요', 'SentenceSpeechLV': '상'}",가장 좋아하는 과일은 복숭화에요. 달고 물도 많고 향기도 줬고 여름에 나온 과일이라 복숭화가 나오면 여름이 왔다고 느껴서 좋아요.,가장 좋아하는 과일은 복숭화에요. 달고 물도 많고 향기도 줬고 여름에 나온 과일이라 복숭화가 나오면 여름이 왔다고 느껴서 좋아요.,복숭아,['복숭아 아이스티'],O,O
TH30QA299_TH0111_20210831.wav,"{'Reading': '', 'ReadingLabelText': '', 'Question': '한국에서 카페에 가본 적이 있나요? 누구와 왜 갔나요? 무엇을 마셨나요?', 'AnswerLabelText': '네 한국에서 카페 많이 가 봤어요 보통 여자인 친구들이랑 가서 수다를 많이 떨어요 거기서 음/ 보통 녹차라떼 많이 마셔요', 'SentenceSpeechLV': '중'}",한국에서 카페 많이 가봤어요. 보통 여자인 친구들이랑 가서 수다를 많이 잇떨어요. 거기서 보통 녹차라 땜 많이 마셔요.,한국에서 디카페인 많이 가봤어요. 보통 여자인 친구들이랑 가서 수다를 많이 잇떨어요. 거기서 보통 녹차라떼 땜 많이 마셔요.,"라떼, 녹차라떼",['디카페인 아메리카노'],X,O
EN22RB034_EN0015_20210930.wav,"또 늦은 시간인데도 와줘서 고맙다고 하시며, 초코소라빵을 꺼내서 저에게도 먹어 보라고 주셨어요.",또 늦은 시간인데도 와줘서 고맙다고 하시며 초코 소럽방을 꺼내서 저에게도 먹어보라고 주셨어요,초코,초코,['ICE 초코'],O,O
JP20QB228_JP0209_20211112.wav,"{'Reading': '', 'ReadingLabelText': '', 'Question': '간식을 자주 먹나요? 어떤 간식을 좋아하나요? 그 간식을 좋아하는 이유는 무엇인가요?', 'AnswerLabelText': '저는 간식을 자주 안 먹는 편이지만 먹을 때는 쿠키나 좀 단 음식을 먹습니다', 'SentenceSpeechLV': '상'}",저는 간식을 자주 안 먹는 편이지만 먹을 때는 쿠키나 좀 단 음식을 먹습니다.,저는 간식을 자주 안 먹는 편이지만 먹을 때는 쿠키나 좀 단 음식을 먹습니다.,쿠키,"['치즈 케익', '초코 케익', '허니브레드', '마카다미아 쿠키', '초콜릿 쿠키', '소금빵']",O,O
JP13RC062_JP0156_20210802.wav,"어떻게 하면 친구를 깜짝 놀라게 해 줄 수 있을까 고민하다가, 제가 직접 쿠키와 빵을 만들어 주기로 결심했습니다. ",어떻게 하면 진글로 깜짝 놀라게 해줄 수 있을까 고민하다가 제가 직접 국기화 빵으로 만들어주기로 결심했습니다.,어떻게 하면 진글로 깜짝 놀라게 해줄 수 있을까 고민하다가 제가 직접 국기화 빵으로 만들어주기로 결심했습니다.,쿠키,"['치즈 케익', '초코 케익', '허니브레드', '마카다미아 쿠키', '초콜릿 쿠키', '소금빵']",O,O
VN12RC046_VN0228_20210808.wav,"스무디를 시킨 친구는, 예전에 우유를 마시고 배가 아파 병원에 간 적이 있어서, 그 뒤로 우유가 든 라떼를 안 마신대요.",스무들은 시키인 진구는 예전에 커피를 마시고 뺄까 아파 봉원에 간 거허미 있어서 그 뒤로 커피른 전 대로 안 마신대요.,스무들은 시키인 진구는 예전에 커피를 마시고 뺄까 아파 봉원에 간 거허미 있어서 그 뒤로 커피른 전 대로 안 마신대요.,라떼,"['아메리카노', '카페라떼', '바닐라라떼', '연유라떼', '카페모카', '카라멜마끼아또', '에스프레소', 'ICE 아메리카노', 'ICE 카페라떼', 'ICE 바닐라라떼']",O,O
VN30QA299_VN0233_20210813.wav,"{'Reading': '', 'ReadingLabelText': '', 'Question': '한국에서 카페에 가본 적이 있나요? 누구와 왜 갔나요? 무엇을 마셨나요?', 'AnswerLabelText': '한국에서 카페에 가 본 적이 있는데 친구들을 만나러 왔+ 갔어요 그곳에서 아메리카노를 마셨어요', 'SentenceSpeechLV': '중'}",한국에서 카페에 가본 적이 있는데 킹구드를 만나러 갔어요. 그곳에서 아메리카노 를 봤었어요.,한국에서 카페에 가본 적이 있는데 킹구드를 만나러 갔어요. 그곳에서 아메리카노 를 봤었어요.,아메리카노,['아메리카노'],O,O
VN12RC045_VN0156_20211121.wav,"우리는 흑당 라떼 세 잔과, 수박 스무디 한 잔이랑 청포도 주스 두 잔, 그리고 딸기 팥빙수를 주문했어요.",우리는 흑당 라떼 세잔과 수박 스무디 한잔이랑 청포도 주스 두잔 그리고 딸기 바삭 수을 주문했어요.,우리는 흑당 곡물라떼 세잔과 수박 스무디 한잔이랑 청포도 주스 두잔 그리고 딸기 바삭 수을 주문했어요.,라떼,['곡물라떼'],O,O
VN12RC045_VN0138_20210807.wav,"우리는 흑당 라떼 세 잔과, 수박 스무디 한 잔이랑 청포도 주스 두 잔, 그리고 딸기 팥빙수를 주문했어요.",우리는 아이스 아메리카노 세찬과 수박 스무디 한잔 딸기 생크림 케이크와 와플을 주문했어요.,ICE 아메리카노,라떼,['ICE 아메리카노'],X,O
JP20QB236_JP0089_20210801.wav,"{'Reading': '', 'ReadingLabelText': '', 'Question': '일주일에 커피를 얼마나 마시나요? (예: 매일, 일주일에 두 번 등) 너무 많이 마신다고 생각된다면 어느 정도가 적당하다고 생각하나요?', 'AnswerLabelText': '저는 일 주일에 거의 매일 커피를 한 잔씩 마십니다 그래도 디카페인으로 마실 때도 있어서 하루에 한 잔 정도는 적당하다고 생각합니다', 'SentenceSpeechLV': '중'}",저는 일체 일에 거의 매일 커피를 한잔씩 마십니다. 그래도 디커벤으로 마실 때도 있어서 하루에 한잔 정도는 적당하다고 생각합니다.,저는 일체 일에 거의 매일 커피를 한잔씩 마십니다. 그래도 디커벤으로 마실 때도 있어서 하루에 정도는 적당하다고 생각합니다.,디카페인,"['아메리카노', '카페라떼', '바닐라라떼', '연유라떼', '카페모카', '카라멜마끼아또', '에스프레소', 'ICE 아메리카노', 'ICE 카페라떼', 'ICE 바닐라라떼']",X,O
JP20QB228_JP0130_20210828.wav,"{'Reading': '', 'ReadingLabelText': '', 'Question': '간식을 자주 먹나요? 어떤 간식을 좋아하나요? 그 간식을 좋아하는 이유는 무엇인가요?', 'AnswerLabelText': '많이는 아니지만 가끔 먹습니다 공부를 하다가 집중이 안 될 때 초콜릿을 먹거나 음료를 먹을 때가 많습니다', 'SentenceSpeechLV': '상'}",많이는 아니지만 가끔 먹습니다. 건부를 하다가 집중이 안 될 때 초콜릿을 먹고나 음료를 먹을 때가 많습니다.,많이는 아니지만 가끔 먹습니다. 건부를 하다가 집중이 안 될 때 초콜릿 먹고나 음료를 먹을 때가 많습니다.,초콜릿,['초콜릿 쿠키'],O,O
JP12RC045_JP0251_20211114.wav,"우리는 차가운 아메리카노 세 잔과, 수박 스무디 한 잔, 그리고 딸기 생크림 케이크를 주문했습니다.",우리는 차강 아메리카노 세장과 수박숨을 이 한 장 그리고 달기 생크림 케이크를 주문했습니다,아메리카노,아메리카노,['아메리카노'],O,O
CN12RC045_CN0072_20210730.wav,"우리는 아이스 아메리카노 세 잔과, 산딸기 스무디 한 잔, 그리고 딸기 생크림 케이크를 주문했어요.",우리는 아이스 아메리카노 세 장과 산달기 스무디 한 장 그리고 딸기 생크림 케이크를 주문했어요,ICE 아메리카노,아메리카노,['ICE 아메리카노'],O,O
CN30QA299_CN0191_20210730.wav,"{'Reading': '', 'ReadingLabelText': '', 'Question': '한국에서 카페에 가본 적이 있나요? 누구와 왜 갔나요? 무엇을 마셨나요?', 'AnswerLabelText': '저는 한국에서 카페는 항상 가요 왜냐면 친구랑 같이 카페 가고 사진 찍고 케이크도 먹고 얘기도 나누고요 저는 항상 아이스아메리카노 먹고요', 'SentenceSpeechLV': '중'}","저는 한국에서 카페는 항상 가요. 왜냐면 친구랑 같이 카페 가고, 찾은 찍고 케이크도 먹고, 얘기도 라로우고요. 저는 항상 아이스 아메뉴 가는 곳을 가요.","ICE 저는 한국에서 카페는 항상 가요. 왜냐면 친구랑 같이 카페 가고, 찾은 찍고 케이크도 먹고, 얘기도 라로우고요. 저는 항상 ICE 아메뉴 가는 곳을 가요.",아메리카노,['ICE 카라멜마끼아또'],X,O
TH12RC045_TH0093_20211104.wav,"우리는 아이스 아메리카노 세 잔과, 사과 스무디 한 잔, 그리고 딸기 생크림 케이크를 주문했어요.",우리는 아이스 아메리카노 세잔과 사과 스무티 한잔 그리고 딸기 생크림 케이크를 주문했어요.,ICE 아메리카노,아메리카노,['ICE 아메리카노'],O,O
CN10QC273_CN0003_20210730.wav,"{'Reading': '', 'ReadingLabelText': '', 'Question': '아플 때 꼭 먹는 음식이 있나요? 왜 아플 때 그 음식을 먹나요?', 'AnswerLabelText': '저는 아플 때 복숭아를 꼭 먹고 싶습니다 어릴 때부터 아프면 엄마가 복숭아를 주셨습니다 그렇기 때문에 습관으로 아플 때마다 복숭아를 찾습니다', 'SentenceSpeechLV': '상'}",저는 아플 때의 복송화를 꼭 먹고 싶습니다. 어릴 때부터 아프면 엄마가 복송화를 주셨습니다. 그렇기 때문에 습관으로 아플 때마다 복송화를 찾습니다.,저는 아플 때의 복송화를 꼭 싶습니다. 어릴 때부터 아프면 엄마가 복송화를 주셨습니다. 그렇기 때문에 습관으로 아플 때마다 복송화를 찾습니다.,복숭아,"['핫초코', '녹차라떼', '곡물라떼', 'ICE 초코', 'ICE 녹차라떼', 'ICE 곡물라떼', '캐모마일', '페퍼민트', '레몬차', '유자차']",X,O
CN12RC045_CN0457_20211009.wav,"우리는 아이스 아메리카노 세 잔과, 산딸기 스무디 한 잔, 그리고 딸기 생크림 케이크를 주문했어요.",우리는 아이스 아메리카노 세장과 찬딸기 스무디 한잔 그리고 딸기 생크림 케이크를 주문했어요.,ICE 아메리카노,아메리카노,['ICE 아메리카노'],O,O
EX12RC045_EX0188_20210804.wav,"우리는 아이스 아메리카노 세 잔과, 수박 스무디 한 잔, 그리고 딸기 생크림 케이크를 주문했어요.",닌 fax smoothee hanjonge kerigotalki san korean khael koreal school,닌 fax smoothee hanjonge kerigotalki san korean khael koreal school,아메리카노,"['치즈 케익', '초코 케익', '허니브레드', '마카다미아 쿠키', '초콜릿 쿠키', '소금빵']",X,X
JP20QB228_JP0190_20210827.wav,"{'Reading': '', 'ReadingLabelText': '', 'Question': '간식을 자주 먹나요? 어떤 간식을 좋아하나요? 그 간식을 좋아하는 이유는 무엇인가요?', 'AnswerLabelText': '간식은 매일 같이 먹어요 주로 쿠키라든가 초코 과자를 먹어요 뭐/ 좋아하는 이유는 그냥 맛있으니까요', 'SentenceSpeechLV': '상'}",간식은 매일 같이 먹어요. 주로 크키이라든가 조꼬 커져를 먹어요. 뭐 좋아하는 이유는 그냥 맛있으니까요.,간식은 매일 같이 먹어요. 주로 크키이라든가 조꼬 커져를 먹어요. 뭐 좋아하는 이유는 그냥 맛있으니까요.,"초코, 쿠키",['ICE 카라멜마끼아또'],X,X
VN10QC242_VN0339_20210827.wav,"{'Reading': '', 'ReadingLabelText': '', 'Question': '가장 좋아하는 음료수는 무엇인가요? 여름과 겨울에 특별히 마시는 음료수가 있나요?', 'AnswerLabelText': '밀크티가 가장 좋아하고요 여름에 특별히 매실청을 얼음물에 타서 시원하게 마시고요 겨울에는 유자차를 따뜻하게 끓여서 마셔요', 'SentenceSpeechLV': '중'}",밀크티가 가장 좋아하고요. 여름에 특별히 메신청을 얼음문에 닿아서 시원하게 마시고요. 가을에는 유차차를 따뜻하게 끓여서 마셔요.,밀크티가 가장 좋아하고요. 여름에 특별히 메신청을 얼음문에 닿아서 시원하게 마시고요. 가을에는 유자차 따뜻하게 끓여서 마셔요.,유자차,['유자차'],O,O
EX10QC242_EX0270_20210811.wav,"{'Reading': '', 'ReadingLabelText': '', 'Question': '가장 좋아하는 음료수는 무엇인가요? 여름과 겨울에 특별히 마시는 음료수가 있나요?', 'AnswerLabelText': '저는 민초단이라서 민트초코도 많이 먹고요 요새는 얼그레이 밀크티에 빠졌고요 음/ 그거 저는 사실 계절 상관 없이 언제든 먹을 수 있어요', 'SentenceSpeechLV': '중'}",저는 민추고단이라서 민트초코 노어 많이 먹고요 요새는 얼큰이 밀크 뒤에 맞았고요 그거 저는 사실 계절 상관없이 언제든 먹을 수 있어요,저는 민추고단이라서 초코 노어 많이 먹고요 요새는 얼큰이 밀크 뒤에 맞았고요 그거 저는 사실 계절 상관없이 언제든 먹을 수 있어요,초코,"['아메리카노', '카페라떼', '바닐라라떼', '연유라떼', '카페모카', '카라멜마끼아또', '에스프레소', 'ICE 아메리카노', 'ICE 카페라떼', 'ICE 바닐라라떼']",X,X
EX30QA299_EX0123_20210823.wav,"{'Reading': '', 'ReadingLabelText': '', 'Question': '한국에서 카페에 가본 적이 있나요? 누구와 왜 갔나요? 무엇을 마셨나요?', 'AnswerLabelText': '한국에서 카페에 가 본 적이 있나요 누구와 왜 갔나요 무엇을 마셨나요 한국에서 카페에 가 본 적이 있습니다 친구가 같이 카페에 가면서 과외를 했습니다 그리고 카페에서는 아메리카노를 마셨습니다', 'SentenceSpeechLV': '중'}",한국에서 카페에 가본 적이 있나요? 누구도 왜 갔나요? 무엇을 마셨나요? 한국에서 카페에 가본 적이 있습니다. 친구가 같이 카페에 가면서 가을을 했습니다. 그리고 카페에서는 아메리칸 롤을 마셨습니다.,한국에서 카페에 가본 적이 있나요? 누구도 왜 갔나요? 무엇을 마셨나요? 한국에서 카페에 가본 적이 있습니다. 친구가 같이 카페에 가면서 가을을 했습니다. 그리고 카페에서는 아메리칸 롤을 마셨습니다.,아메리카노,"['치즈 케익', '초코 케익', '허니브레드', '마카다미아 쿠키', '초콜릿 쿠키', '소금빵']",X,X
CN30QA299_CN0044_20210810.wav,"{'Reading': '', 'ReadingLabelText': '', 'Question': '한국에서 카페에 가본 적이 있나요? 누구와 왜 갔나요? 무엇을 마셨나요?', 'AnswerLabelText': '네 가본 적 있어요 항상 혼자 가요 음/ 아메리카노는 시키고 과제를 해요 sn/ 아/ 그리고 가끔씩 라테 같은 거도 시켜서 먹어요', 'SentenceSpeechLV': '중'}",네 가본 적이 있어요. 항상 혼자 가요. 음.. 아메리카노는 시키고 과제네해요. 그리고 가본 시 나한테 같은 거 넣을 수 있겨서 먹거에요.,네 가본 적이 있어요. 항상 혼자 가요. 음.. 아메리카노 시키고 과제네해요. 그리고 가본 시 나한테 같은 거 넣을 수 있겨서 먹거에요.,아메리카노,['아메리카노'],O,O
CN30QA299_CN0346_20211020.wav,"{'Reading': '', 'ReadingLabelText': '', 'Question': '한국에서 카페에 가본 적이 있나요? 누구와 왜 갔나요? 무엇을 마셨나요?', 'AnswerLabelText': '한국에서 카페에 가본 적 있습니다 어/ 친구랑 어/ 자주 카+ 커피 한잔합니다 저는 주로 아메리카로 아메리카노를 마십니다', 'SentenceSpeechLV': '상'}","한국에서 카페에 가본 적 있습니다. 친구랑 자주 카페 커피 한잔 합니다. 저는 주로 아메리카노, 아메리카노, 주마십니다.",아메리카노,아메리카노,['아메리카노'],O,O
EX10QC242_EX0284_20210811.wav,"{'Reading': '', 'ReadingLabelText': '', 'Question': '가장 좋아하는 음료수는 무엇인가요? 여름과 겨울에 특별히 마시는 음료수가 있나요?', 'AnswerLabelText': '여름에는 매실 식혜 어/ 과일 홍초 오미자를 좋아하고 겨울에는 유자차 대추차 생강차 레몬차 이런 거 마시는 게 좋아해요', 'SentenceSpeechLV': '중'}","여름에는 매실, 식게, 과일, 홍초, 오미자를 좋아하고 겨울에는 유제차, 대추차, 생강차, 레몬차 이런 거 맛있는 게 좋아해요.","여름에는 매실, 식게, 과일, 홍초, 오미자를 좋아하고 겨울에는 유자차 대추차, 생강차, 레몬차 이런 거 맛있는 게 좋아해요.","유자차, 레몬차",['레몬차'],O,O
JP20QB228_JP0200_20210904.wav,"{'Reading': '', 'ReadingLabelText': '', 'Question': '간식을 자주 먹나요? 어떤 간식을 좋아하나요? 그 간식을 좋아하는 이유는 무엇인가요?', 'AnswerLabelText': '저는 간식을 자주 하는 편입니다 주로 식사 후에 커피와 같이 초콜릿을 먹습니다 초콜릿이랑 커피는 잘 어울리기 때문입니다', 'SentenceSpeechLV': '중'}",저는 간식을 자주 하는 편입니다. 주로 식사 후에 커피와 같이 초코레스를 먹습니다. 초코레지랑 커피는 잘 어울리기 때문입니다.,초코,초콜릿,['ICE 초코'],X,X
VN12RC045_VN0322_20210828.wav,"우리는 흑당 라떼 세 잔과, 수박 스무디 한 잔이랑 청포도 주스 두 잔, 그리고 딸기 팥빙수를 주문했어요.","우리는 흑당 라대 세찬과 수박, 스무디 한찬이랑 청포도, 주스 두찬 그리고 다른 기핑, 밥핑수를 주문했어요.","우리는 흑당 라대 세찬과 수박, 스무디 한찬이랑 청포도, 주스 두찬 그리고 다른 기핑, 밥핑수를 주문했어요.",라떼,"['치즈 케익', '초코 케익', '허니브레드', '마카다미아 쿠키', '초콜릿 쿠키', '소금빵']",X,X
VN12RC045_VN0476_20211112.wav,"우리는 흑당 라떼 세 잔과, 수박 스무디 한 잔이랑 청포도 주스 두 잔, 그리고 딸기 팥빙수를 주문했어요.","우리는 흑당 라데스의 잔과 수박 스무디 한 잔 일ang, 정보도 주수 도찬 그리고 딸기 박빙소를 주문했어요.","우리는 흑당 라데스의 잔과 수박 스무디 일ang, 정보도 주수 도찬 그리고 딸기 박빙소를 주문했어요.",라떼,"['치즈 케익', '초코 케익', '허니브레드', '마카다미아 쿠키', '초콜릿 쿠키', '소금빵']",X,X
CN20QB228_CN0282_20210818.wav,"{'Reading': '', 'ReadingLabelText': '', 'Question': '간식을 자주 먹나요? 어떤 간식을 좋아하나요? 그 간식을 좋아하는 이유는 무엇인가요?', 'AnswerLabelText': '저는 간식을 자주 먹는 편이 아닌데 그래도 초콜릿 좋아해서 초코파이 좋아해요', 'SentenceSpeechLV': '상'}",저는 간식을 자주 먹는 편이 아닌데 그래도 초코레 좋아해서 초코파에 좋아해요.,초코,"초코, 초콜릿",['ICE 초코'],O,O
CN10QC278_CN0121_20210801.wav,"{'Reading': '', 'ReadingLabelText': '', 'Question': '지금 입고 있는 옷의 종류와 색깔에 대해 얘기해 주세요. 이 옷을 언제, 어떻게 갖게 되었나요?', 'AnswerLabelText': '지금 입고 있는 잠옷입니다 잠옷은 파란색이고 그 위에 복숭아 무늬가 있습니다 이 잠옷은 제가 두 달 전에 쇼핑했을 때 사는 거에요', 'SentenceSpeechLV': '중'}",지금 입고 있는 자모입니다. 자모는 파란색이고 그 위에 복숭아 문을 가 있습니다. 이 자모는 제가 두 달 전에 쇼핑했을 때 사는 거예요.,지금 입고 있는 자모입니다. 자모는 파란색이고 그 위에 복숭아 문을 가 있습니다. 아이스티 자모는 제가 두 달 전에 쇼핑했을 때 사는 거예요.,복숭아,['복숭아 아이스티'],O,O
VN12RC045_VN0094_20210803.wav,"우리는 흑당 라떼 세 잔과, 수박 스무디 한 잔이랑 청포도 주스 두 잔, 그리고 딸기 팥빙수를 주문했어요.","우리는 아이스, 아메리카노, 세천과, 소박, 스모티, 한잔, 다이기, 생크림, 개이크와 와플을 주문했어요.",ICE 아메리카노,라떼,['ICE 아메리카노'],X,O
EX20QB228_EX0071_20210801.wav,"{'Reading': '', 'ReadingLabelText': '', 'Question': '간식을 자주 먹나요? 어떤 간식을 좋아하나요? 그 간식을 좋아하는 이유는 무엇인가요?', 'AnswerLabelText': '간식을 자주 먹어요 제일 좋아하는 간식은 킨더 초콜릿이에요 어릴 때부터 많이 먹었던 맛이라서 적응이 잘 됐어요', 'SentenceSpeechLV': '중'}",간직을 자주 먹어요. 제일 좋아하는 간직은 킨 더 주콜릿이에요. 어릴때부터 많이 먹었던 맛이라서 적응이 잘됐어요.,간직을 자주 먹어요. 제일 좋아하는 간직은 킨 더 초콜릿 어릴때부터 많이 먹었던 맛이라서 적응이 잘됐어요.,초콜릿,"['치즈 케익', '초코 케익', '허니브레드', '마카다미아 쿠키', '초콜릿 쿠키', '소금빵']",O,O
TH12RC045_TH0112_20210807.wav,"우리는 아이스 아메리카노 세 잔과, 사과 스무디 한 잔, 그리고 딸기 생크림 케이크를 주문했어요.",우리는 아이스 앰웨이 간 우세잔과 사과 스무디 안전 그리고 딸기 생크림 개그를 주문했어요.,ICE 우리는 ICE 앰웨이 간 우세잔과 사과 스무디 안전 그리고 딸기 생크림 개그를 주문했어요.,아메리카노,['ICE 초코'],X,X
TH30QA299_TH0179_20211025.wav,"{'Reading': '', 'ReadingLabelText': '', 'Question': '한국에서 카페에 가본 적이 있나요? 누구와 왜 갔나요? 무엇을 마셨나요?', 'AnswerLabelText': '네 가본 적이 있어요 보통 친구들이랑 갔어요 그리고 제가 카페라떼를 마셨어요', 'SentenceSpeechLV': '상'}","네, 가본 적이 있어요. 포통 친구들이랑 갔어요. 그리고 제가 카페 라트를 마셨어요.","네, 가본 적이 있어요. 포통 친구들이랑 갔어요. 그리고 제가 디카페인 라트를 마셨어요.","라떼, 카페라떼","['디카페인 아메리카노', '디카페인 카페라떼', 'ICE 디카페인 아메리카노', 'ICE 디카페인 카페라떼']",O,O
VN12RC045_VN0433_20211027.wav,"우리는 흑당 라떼 세 잔과, 수박 스무디 한 잔이랑 청포도 주스 두 잔, 그리고 딸기 팥빙수를 주문했어요.","우리는 흙탕, 롯데새찬과 수박스무대 한잔이랑 전포도 주스두찬 그리고 딸기 파핑술을 주문했어요.","우리는 흙탕, 롯데새찬과 수박스무대 한잔이랑 전포도 주스두찬 그리고 딸기 파핑술을 주문했어요.",라떼,"['치즈 케익', '초코 케익', '허니브레드', '마카다미아 쿠키', '초콜릿 쿠키', '소금빵']",X,X
CN12RC045_CN0121_20210730.wav,"우리는 아이스 아메리카노 세 잔과, 산딸기 스무디 한 잔, 그리고 딸기 생크림 케이크를 주문했어요.",우리는 아이사 아메리카노 세정과 산다기스 모디 한장 그리고 딱히 승그림 케이크를 주묘했어요.,아메리카노,아메리카노,['아메리카노'],O,O
CN30QA233_CN0132_20210801.wav,"{'Reading': '', 'ReadingLabelText': '', 'Question': '한국의 후식 중에 좋아하는 것은 무엇이고 그 이유는 무엇입니까?', 'AnswerLabelText': '저는 한국의 후식 중에 치즈케이크랑 와플이랑 티라미수 같은 디저트가 가장 좋아해요 왜냐하면 아이스 아메리카노랑 같이 먹으면 잘 어울려요', 'SentenceSpeechLV': '중'}","저는 한국의 호시 중에 치즈케이크랑 와플, 리랑, 티라미슐 같은 디저트가 가장 좋아해요. 왜냐하면 아이스 아메리카노와 같이 먹으면 잘 어울려요.",ICE 아메리카노,아메리카노,['ICE 아메리카노'],O,O
EX12RC045_EX0154_20210806.wav,"우리는 아이스 아메리카노 세 잔과, 수박 스무디 한 잔, 그리고 딸기 생크림 케이크를 주문했어요.","우리는 아이사메리카노 세장과 수박, 수무디, 한잔, 그리고 딸기 생크림, 케이크를 주문했어요.","우리는 아이사메리카노 세장과 수박, 수무디, 한잔, 그리고 딸기 생크림, 케이크를 주문했어요.",아메리카노,"['치즈 케익', '초코 케익', '허니브레드', '마카다미아 쿠키', '초콜릿 쿠키', '소금빵']",X,X
VN12RC046_VN0120_20210925.wav,"스무디를 시킨 친구는, 예전에 우유를 마시고 배가 아파 병원에 간 적이 있어서, 그 뒤로 우유가 든 라떼를 안 마신대요.",스무드일은 시킨 친구는 예전에 오로는 마시고 뼈가 아파 병어에 간 적이 있어서 그 뒤로 오로 가든 라데든 안 마신데요.,스무드일은 시킨 친구는 예전에 오로는 마시고 뼈가 아파 병어에 간 적이 있어서 그 뒤로 오로 가든 라데든 안 마신데요.,라떼,['ICE 카라멜마끼아또'],X,O
EX12RC045_EX0286_20210730.wav,"우리는 아이스 아메리카노 세 잔과, 수박 스무디 한 잔, 그리고 딸기 생크림 케이크를 주문했어요.","우리는 아이스아��리카노 세장과 수박, 스무지 한장, 그리고 다르게 생크림 깨까를 주문했어요.","ICE 우리는 ICE 세장과 수박, 스무지 한장, 그리고 다르게 생크림 깨까를 주문했어요.",아메리카노,['ICE 카라멜마끼아또'],X,O
CN12RC045_CN0075_20210730.wav,"우리는 아이스 아메리카노 세 잔과, 산딸기 스무디 한 잔, 그리고 딸기 생크림 케이크를 주문했어요.",우리는 아이스 아메리카노 세산과 산달기 스무디 한산 그리고 딸기 승크림 케이크를 주문했어요,ICE 아메리카노,아메리카노,['ICE 아메리카노'],O,O
EX10QC242_EX0002_20210808.wav,"{'Reading': '', 'ReadingLabelText': '', 'Question': '가장 좋아하는 음료수는 무엇인가요? 여름과 겨울에 특별히 마시는 음료수가 있나요?', 'AnswerLabelText': '저는 물을 자주 마셔요 그런데 여름엔 너무 덥기 때문에 딸기 스무디 같은 과일 스무디를 즐겨 먹어요 겨울 때는 핫초코가 최고죠', 'SentenceSpeechLV': '중'}",저는 물을 자주 마셔요. 그런데 이러면 너무 덥기 때문에 닭이 스모틱 가뜬고 하겠으면 뒤를 즐겨 먹어요. 겨우 때는 핫 조고가 즐거져.,저는 물을 자주 마셔요. 그런데 이러면 너무 덥기 때문에 닭이 스모틱 가뜬고 하겠으면 뒤를 즐겨 먹어요. 겨우 때는 조고가 즐거져.,"초코, 핫초코",['복숭아 아이스티'],X,O
JP12RC045_JP0262_20211115.wav,"우리는 차가운 아메리카노 세 잔과, 수박 스무디 한 잔, 그리고 딸기 생크림 케이크를 주문했습니다.",우리는 차가운 워멜리카노 세장과 수박스모니 한장 그리고 딸기 생크림 개그를 주문했습니다.,ICE 우리는 ICE 워멜리카노 세장과 수박스모니 한장 그리고 딸기 생크림 개그를 주문했습니다.,아메리카노,"['ICE 아메리카노', 'ICE 카페라떼', 'ICE 바닐라라떼', 'ICE 연유라떼', 'ICE 카페모카', 'ICE 카라멜마끼아또', 'ICE 디카페인 아메리카노', 'ICE 디카페인 카페라떼']",O,O
VN12RC045_VN0331_20210825.wav,"우리는 흑당 라떼 세 잔과, 수박 스무디 한 잔이랑 청포도 주스 두 잔, 그리고 딸기 팥빙수를 주문했어요.",올이는 흑당 낙대 세찬과 소박스무디 한찬이랑 정포도 추습 두 잔 그리고 딸기 팟민수는 주문했어요.,올이는 흑당 낙대 세찬과 소박스무디 한찬이랑 정포도 추습 두 그리고 딸기 팟민수는 주문했어요.,라떼,"['치즈 케익', '초코 케익', '허니브레드', '마카다미아 쿠키', '초콜릿 쿠키', '소금빵']",X,X
CN20QB299_CN0003_20210820.wav,"{'Reading': '', 'ReadingLabelText': '', 'Question': '외국에서는 가격이 비싼데, 한국에서 싼 것은 무엇인가요? 그 이유는 무엇이라고 생각하나요?', 'AnswerLabelText': '한국에서는 다른 나라보다 싼 것은 간식들인 거 같습니다 저는 한국에서 초콜릿이나 과자들이 저희 나라보다 좀 가격이 싼 편이라고 생각 듭니다', 'SentenceSpeechLV': '상'}",한국에서는 다른 나라보다 쌍구는 간식 들인 것 같습니다. 저는 한국에서 초콜레시나 과자들이 저희 나라보다 좀 가격이 쌍편이라고 생각 듭니다.,한국에서는 다른 나라보다 쌍구는 간식 들인 것 같습니다. 저는 한국에서 초콜레시나 과자들이 저희 나라보다 가격이 쌍편이라고 생각 듭니다.,초콜릿,['복숭아 아이스티'],X,X
VN12RC046_VN0041_20210924.wav,"스무디를 시킨 친구는, 예전에 우유를 마시고 배가 아파 병원에 간 적이 있어서, 그 뒤로 우유가 든 라떼를 안 마신대요.",스무 띄우 시킨 친구는 예전에 우유를 마시고 대가 아파 병원에 간 적이 있어서 그 뒤에 우유가 뜰렀대를 안 마신데요.,스무 띄우 시킨 친구는 예전에 우유를 마시고 대가 아파 병원에 간 적이 있어서 그 뒤에 우유가 뜰렀대를 안 마신데요.,라떼,"['카페라떼', '바닐라라떼', '연유라떼', '카페모카', '카라멜마끼아또', 'ICE 카페라떼', 'ICE 바닐라라떼', 'ICE 연유라떼', 'ICE 카페모카', 'ICE 카라멜마끼아또']",O,O
JP13RC062_JP0171_20210801.wav,"어떻게 하면 친구를 깜짝 놀라게 해 줄 수 있을까 고민하다가, 제가 직접 쿠키와 빵을 만들어 주기로 결심했습니다. ",어떻게 하면 친구를 깜짝 놀라게 해줄 수 있을까 고민하다가 제가 직접 크키와 빵을 만들어주기로 결심했습니다.,어떻게 하면 친구를 깜짝 놀라게 해줄 수 있을까 고민하다가 제가 직접 크키와 빵을 만들어주기로 결심했습니다.,쿠키,"['치즈 케익', '초코 케익', '허니브레드', '마카다미아 쿠키', '초콜릿 쿠키', '소금빵']",O,O
CN30QA299_CN0363_20211011.wav,"{'Reading': '', 'ReadingLabelText': '', 'Question': '한국에서 카페에 가본 적이 있나요? 누구와 왜 갔나요? 무엇을 마셨나요?', 'AnswerLabelText': '카페는 매일매일 갔죠 항상 혼자 가고 아이스 아메리카노 한 잔 시켜 먹습니다', 'SentenceSpeechLV': '상'}",카페는 매일매일 갔죠. 항상 혼자 가고 아이스 아메리카노 한잔 시켜 먹습니다.,ICE 아메리카노,아메리카노,['ICE 아메리카노'],O,O
JP12RC045_JP0061_20210730.wav,"우리는 차가운 아메리카노 세 잔과, 수박 스무디 한 잔, 그리고 딸기 생크림 케이크를 주문했습니다.",우리는 차가운 아메리카노 세장과 수박수무디 한잔 그리고 딸기 생크림케이크를 주문했습니다.,ICE 아메리카노,아메리카노,['ICE 아메리카노'],O,O
CN30QA299_CN0263_20210816.wav,"{'Reading': '', 'ReadingLabelText': '', 'Question': '한국에서 카페에 가본 적이 있나요? 누구와 왜 갔나요? 무엇을 마셨나요?', 'AnswerLabelText': '어/ 한국에서 카페 가본 적은 엇 덤으로요 가끔 가요 많이는 가지 않아요 남편과 같이 가서 저는 으 저기 레몬 아이스티만 마셔요 커피는 안 좋아해요', 'SentenceSpeechLV': '중'}",한국에서 카페 가벼운 적은 더무러요. 가끔가요. 많이 가지 않아요. 남편과 같이 가서 저는 저기 레몬 아이스팅만 아세요. 커피는 안 좋아해요.,ICE 한국에서 디카페인 가벼운 적은 더무러요. 가끔가요. 많이 가지 않아요. 남편과 같이 가서 저는 레몬차 ICE 아세요. 커피는 안 좋아해요.,아이스티,"['ICE 아메리카노', 'ICE 카페라떼', 'ICE 바닐라라떼', 'ICE 연유라떼', 'ICE 카페모카', 'ICE 카라멜마끼아또', 'ICE 초코', 'ICE 녹차라떼', 'ICE 곡물라떼', 'ICE 캐모마일']",X,O
JP20QB228_JP0160_20210830.wav,"{'Reading': '', 'ReadingLabelText': '', 'Question': '간식을 자주 먹나요? 어떤 간식을 좋아하나요? 그 간식을 좋아하는 이유는 무엇인가요?', 'AnswerLabelText': '저는 자주 먹는 간식은 초콜릿예요 초콜릿은 옛날부터 너무 좋아서 간식 때 먹어요', 'SentenceSpeechLV': '상'}",저는 짜증 먹는 간식은 저컬이에요. 저컬이는 옛날부터 너무 좋아서 간식테먹어요.,저는 짜증 먹는 간식은 저컬이에요. 저컬이는 옛날부터 너무 좋아서 간식테먹어요.,초콜릿,"['치즈 케익', '초코 케익', '허니브레드', '마카다미아 쿠키', '초콜릿 쿠키', '소금빵']",O,O
JP10QC271_JP0175_20210818.wav,"{'Reading': '', 'ReadingLabelText': '', 'Question': '가장 좋아하는 과일이 무엇인가요? 왜 그 과일을 좋아하나요?', 'AnswerLabelText': '가장 좋아하는 과일이 말랑 복숭아고 일본에서도 자주 먹었었고 지금 막 먹을 수 있는 과일이라서 더 좋아하는 거 같습니다', 'SentenceSpeechLV': '상'}",가장 좋아하는 과일이 말랑 복숭하고 일본에서도 자주 먹었고 지금 마음 먹을 수 있는 과일이라서 더 좋아하는 것 같습니다.,가장 좋아하는 과일이 말랑 복숭하고 일본에서도 자주 먹었고 지금 마음 먹을 수 있는 과일이라서 더 좋아하는 것 같습니다.,복숭아,"['치즈 케익', '초코 케익', '허니브레드', '마카다미아 쿠키', '초콜릿 쿠키', '소금빵']",X,O
JP20QB228_JP0004_20210922.wav,"{'Reading': '', 'ReadingLabelText': '', 'Question': '간식을 자주 먹나요? 어떤 간식을 좋아하나요? 그 간식을 좋아하는 이유는 무엇인가요?', 'AnswerLabelText': '간식을 좋아합니다 초콜릿을 좋아합니다 달달하고 피곤했을 때 당분 섭취가 돼서 피곤함이 가시니까요', 'SentenceSpeechLV': '상'}",간식을 좋아합니다 초콜릿을 좋아합니다. 달달하고 피곤했을 때 단분 섭취가 돼서 피곤함이 가시니까요.,간식을 좋아합니다 초콜릿 좋아합니다. 달달하고 피곤했을 때 단분 섭취가 돼서 피곤함이 가시니까요.,초콜릿,"['치즈 케익', '초코 케익', '허니브레드', '마카다미아 쿠키', '초콜릿 쿠키', '소금빵']",O,O
TH12RC045_TH0047_20210731.wav,"우리는 아이스 아메리카노 세 잔과, 사과 스무디 한 잔, 그리고 딸기 생크림 케이크를 주문했어요.",우리는 아이스 아메리카노 세장과 사과 스무티란장 그리고 딸기 생크림 케이크를 주문했어요.,ICE 아메리카노,아메리카노,['ICE 아메리카노'],O,O
EN10QC242_EN0144_20211027.wav,"{'Reading': '', 'ReadingLabelText': '', 'Question': '가장 좋아하는 음료수는 무엇인가요? 여름과 겨울에 특별히 마시는 음료수가 있나요?', 'AnswerLabelText': '제가 가장 좋아하는 음료수는 커피인 것 같아요 여름에는 아이스 커피를 많이 먹는데 날씨 추워지고 따뜻한 아메리카노 먹는 것도 좋아해요', 'SentenceSpeechLV': '상'}",제가 가장 좋아하는 음료수는 커피인 것 같아요. 여름에는 아이스 커피를 많이 먹는데 날씨 추워지고 다트탄아��리카노 먹는 것도 좋아해요.,ICE 제가 가장 좋아하는 음료수는 커피인 것 같아요. 여름에는 ICE 커피를 많이 먹는데 날씨 추워지고 다트탄아��리카노 먹는 것도 좋아해요.,아메리카노,"['ICE 아메리카노', 'ICE 카페라떼', 'ICE 바닐라라떼', 'ICE 연유라떼', 'ICE 카페모카', 'ICE 카라멜마끼아또', 'ICE 디카페인 아메리카노', 'ICE 디카페인 카페라떼']",O,O
JP12RC045_JP0161_20210802.wav,"우리는 차가운 아메리카노 세 잔과, 수박 스무디 한 잔, 그리고 딸기 생크림 케이크를 주문했습니다.",우리는 차가운 아메리카노 세 장과 수박수무디의 한잔 그리고 딸기 생크림케이크를 주문했습니다.,ICE 아메리카노,아메리카노,['ICE 아메리카노'],O,O
CN12RC045_CN0237_20210823.wav,"우리는 아이스 아메리카노 세 잔과, 산딸기 스무디 한 잔, 그리고 딸기 생크림 케이크를 주문했어요.",모리는 아이스 아메리카노 색장과 선�달기 스무티 한잔 그리고 딸기 생크림 티크를 주문했어요,ICE 아메리카노,아메리카노,['ICE 아메리카노'],O,O
EX12RC045_EX0867_20211020.wav,"우리는 아이스 아메리카노 세 잔과, 수박 스무디 한 잔, 그리고 딸기 생크림 케이크를 주문했어요.","우리는 아이스 아메리카노, 세찬과 소박스무티 한잔 그리고 딸기생크림 케이크를 주문했어요.",ICE 아메리카노,아메리카노,['ICE 아메리카노'],O,O
JP12RC045_JP0018_20210730.wav,"우리는 차가운 아메리카노 세 잔과, 수박 스무디 한 잔, 그리고 딸기 생크림 케이크를 주문했습니다.",우리는 차가운 아메리카노 세 장과 수박수무티 한 장 그리고 딸기 생크림 케이크를 주문했습니다.,ICE 아메리카노,아메리카노,['ICE 아메리카노'],O,O
EN12RC045_EN0106_20211020.wav,"우리는 아이스 아메리카노 세 잔과, 수박 스무디 한 잔, 딸기 생크림 케이크와 와플을 주문했어요.",우리는 아이스크림 아메리카노 세장과 수박 스무디 한잔 딸기생 크림 케이크와 와플을 주문했어요.,ICE 아메리카노,아메리카노,['ICE 아메리카노'],O,O
CN12RC045_CN0426_20211013.wav,"우리는 아이스 아메리카노 세 잔과, 산딸기 스무디 한 잔, 그리고 딸기 생크림 케이크를 주문했어요.",우리는 아이스 아메리카노 세 장과 산달기 스무디 한잔 그리고 딸기 스무디 케익을 주문했어요.,ICE 아메리카노,아메리카노,['ICE 아메리카노'],O,O
EN12RC045_EN0030_20210806.wav,"우리는 아이스 아메리카노 세 잔과, 수박 스무디 한 잔, 딸기 생크림 케이크와 와플을 주문했어요.",우리는 아이스메이카노 세 장과 수박스무기 한 잔 딸기생 크림 케이크와 워플 주문했어요,ICE 우리는 ICE메이카노 세 장과 수박스무기 한 잔 딸기생 크림 케이크와 워플 주문했어요,아메리카노,['ICE 아메리카노'],O,O
TH12RC045_TH0284_20211107.wav,"우리는 아이스 아메리카노 세 잔과, 사과 스무디 한 잔, 그리고 딸기 생크림 케이크를 주문했어요.",우리는 아이스 아메리카노 세 전과 사과 수부티 한잔 그리고 날기 생크림 케이크를 주문했어요.,ICE 아메리카노,아메리카노,['ICE 아메리카노'],O,O
JP30QA299_JP0110_20210830.wav,"{'Reading': '', 'ReadingLabelText': '', 'Question': '한국에서 카페에 가본 적이 있나요? 누구와 왜 갔나요? 무엇을 마셨나요?', 'AnswerLabelText': '저는 한국에서 카페를 가본 적이 있어요 친구랑 갔는데 핫초코를 마셨어요', 'SentenceSpeechLV': '상'}",저는 한국에서 가비를 가본 적이 있어요. 친구랑 갔는데 핫초코를 마셨어요.,저는 한국에서 가비를 가본 적이 있어요. 친구랑 갔는데 초코 마셨어요.,"초코, 핫초코",['ICE 초코'],O,O
VN12RC045_VN0219_20211103.wav,"우리는 흑당 라떼 세 잔과, 수박 스무디 한 잔이랑 청포도 주스 두 잔, 그리고 딸기 팥빙수를 주문했어요.","우리는 흑당 라대 세찬과 수박, 스무티, 한잔이랑 청포도 조수 노잔, 그리고 단기 바퀸술은 출문했어요.","우리는 흑당 라대 세찬과 수박, 스무티, 한잔이랑 청포도 조수 노잔, 그리고 단기 바퀸술은 출문했어요.",라떼,"['치즈 케익', '초코 케익', '허니브레드', '마카다미아 쿠키', '초콜릿 쿠키', '소금빵']",X,X
JP10QC242_JP0197_20210829.wav,"{'Reading': '', 'ReadingLabelText': '', 'Question': '가장 좋아하는 음료수는 무엇인가요? 여름과 겨울에 특별히 마시는 음료수가 있나요?', 'AnswerLabelText': '음/ 많이 안 먹지만 여름에는 자몽주스가 시원하고 상쾌하고 맛있어요 겨울에는 유자차 따뜻하고 달콤하고 맛있어요', 'SentenceSpeechLV': '중'}",많이 안 먹지만 여름에는 자몽주스가 시원하고 상쾌하고 맛있어요 초래는 유자자 따뜻하고 딸고 마고 맛있어요,많이 안 먹지만 여름에는 자몽주스가 시원하고 상쾌하고 맛있어요 초래는 유자차 따뜻하고 딸고 마고 맛있어요,유자차,['유자차'],O,O
EX30QA233_EX0557_20211011.wav,"{'Reading': '', 'ReadingLabelText': '', 'Question': '한국의 후식 중에 좋아하는 것은 무엇이고 그 이유는 무엇입니까?', 'AnswerLabelText': '저는 아이스티가 가장 좋습니다 왜냐 un/ 아이스티가 달달하고 어/ 느끼함이랑 배부름을 싹 가라앉히는 거 같아서 좋습니다', 'SentenceSpeechLV': '상'}",저는 아이스틱을 가장 좋아합니다. 아이스틱은 달달하고 느끼함이랑 배부름을 착한 것 같아서 좋습니다.,ICE 저는 ICE 가장 좋아합니다. ICE 달달하고 느끼함이랑 배부름을 착한 것 같아서 좋습니다.,아이스티,"['ICE 초코', 'ICE 녹차라떼', 'ICE 곡물라떼', 'ICE 캐모마일', 'ICE 페퍼민트', 'ICE 레몬차', 'ICE 유자차']",X,O
JP13RC062_JP0038_20210731.wav,"어떻게 하면 친구를 깜짝 놀라게 해 줄 수 있을까 고민하다가, 제가 직접 쿠키와 빵을 만들어 주기로 결심했습니다. ",어떻게 하면 친구를 깜짝 놀라게 해줄 수 있을까 고민하다가 제가 직접 쿠키와 빵을 만들어주기로 결심했습니다.,마카다미아 쿠키,쿠키,['마카다미아 쿠키'],O,O
VN12RC046_VN0005_20210801.wav,"스무디를 시킨 친구는, 예전에 우유를 마시고 배가 아파 병원에 간 적이 있어서, 그 뒤로 우유가 든 라떼를 안 마신대요.",스무티를 시킨 친구는 예전에 커피를 마시고 배가 아파 병원에 간 경험이 있어서 그 뒤로 커피를 저있대로 안 마신데요.,스무티를 시킨 친구는 예전에 커피를 마시고 배가 아파 병원에 간 경험이 있어서 그 뒤로 커피를 저있대로 안 마신데요.,라떼,"['아메리카노', '카페라떼', '바닐라라떼', '연유라떼', '카페모카', '카라멜마끼아또', '에스프레소', 'ICE 아메리카노', 'ICE 카페라떼', 'ICE 바닐라라떼']",O,O
CN10QC273_CN0165_20211026.wav,"{'Reading': '', 'ReadingLabelText': '', 'Question': '아플 때 꼭 먹는 음식이 있나요? 왜 아플 때 그 음식을 먹나요?', 'AnswerLabelText': '나는 아플 때 초콜릿을 먹는 것입니다 왜냐하면 초콜릿을 먹으면 더 아프다고 들었기 때문입니다', 'SentenceSpeechLV': '상'}",나는 아플 때 척 허리스를 먹는 것입니다. 왜냐하면 척 허리스를 끌면 더 아프다고 들었기 때문입니다.,나는 아플 때 척 허리스를 먹는 것입니다. 왜냐하면 척 허리스를 끌면 더 아프다고 들었기 때문입니다.,초콜릿,['ICE 디카페인 아메리카노'],X,X
EX20QB228_EX0982_20211109.wav,"{'Reading': '', 'ReadingLabelText': '', 'Question': '간식을 자주 먹나요? 어떤 간식을 좋아하나요? 그 간식을 좋아하는 이유는 무엇인가요?', 'AnswerLabelText': '사실은 간식을 자주 먹는 편이 아니에요 그러나 가끔은 칩스나 아니면 초콜릿 바를 많이 먹는 편입니다 그 이유는 가끔만 공부할 때마다 어떤 당류가 필요할 때 그/ 초코바를 먹었습니다', 'SentenceSpeechLV': '상'}",사실은 간식을 자주 먹는 편이 아니에요. 그러나 가끔한 칩스나 아니면 초콜릿바�을 많이 먹는 편입니다. 그 이유는 가끔한 공부할 때마다 어떤 단룰을 필요할 때 그 초콜릿바른먹었습니다.,사실은 간식을 자주 먹는 편이 아니에요. 그러나 가끔한 칩스나 아니면 초콜릿 많이 먹는 편입니다. 그 이유는 가끔한 공부할 때마다 어떤 단룰을 필요할 때 그 초콜릿,"초코, 초콜릿","['치즈 케익', '초코 케익', '허니브레드', '마카다미아 쿠키', '초콜릿 쿠키', '소금빵']",O,O
CN12RC045_CN0432_20211015.wav,"우리는 아이스 아메리카노 세 잔과, 산딸기 스무디 한 잔, 그리고 딸기 생크림 케이크를 주문했어요.","우리는 아이스 아메리카노, 세 장과 산달기 스무디 한 잔 그리고 딸기 생크림 케이크를 주문했어요.",ICE 아메리카노,아메리카노,['ICE 아메리카노'],O,O
EN30QA299_EN0093_20211105.wav,"{'Reading': '', 'ReadingLabelText': '', 'Question': '한국에서 카페에 가본 적이 있나요? 누구와 왜 갔나요? 무엇을 마셨나요?', 'AnswerLabelText': '아니요 저는 한국에서 카페에 가본 적이 없어요 어/ 그런데 최근에 클래스메이트랑 같이 카페에 가서 카페라떼를 마셨어요', 'SentenceSpeechLV': '중'}","아니요, 저는 한국에서 카페에 가본 적이 없어요. 그런데 최근에 크라스메트랑 같이 카페에 가서 카페 라테를 마셨어요.","아니요, 저는 한국에서 카페에 가본 적이 없어요. 그런데 최근에 크라스메트랑 같이 카페에 가서 디카페인 라테를 마셨어요.","라떼, 카페라떼",['디카페인 아메리카노'],X,O
VN30QA299_VN0436_20211029.wav,"{'Reading': '', 'ReadingLabelText': '', 'Question': '한국에서 카페에 가본 적이 있나요? 누구와 왜 갔나요? 무엇을 마셨나요?', 'AnswerLabelText': '한국에서 카페 가본 적이 있어요 친구랑 가봤어요 거기 가서 저는 카페라떼 마셨어요', 'SentenceSpeechLV': '중'}",한국에서 커피 가본 적이 있어요. 징고랑 가 봤어요. 거기 가서 저는 커피라데에 맛있어요.,한국에서 커피 가본 적이 있어요. 징고랑 가 봤어요. 거기 가서 저는 커피라데에 맛있어요.,"라떼, 카페라떼","['아메리카노', '카페라떼', '바닐라라떼', '연유라떼', '카페모카', '카라멜마끼아또', '에스프레소', 'ICE 아메리카노', 'ICE 카페라떼', 'ICE 바닐라라떼']",O,O
JP30QA299_JP0263_20211109.wav,"{'Reading': '', 'ReadingLabelText': '', 'Question': '한국에서 카페에 가본 적이 있나요? 누구와 왜 갔나요? 무엇을 마셨나요?', 'AnswerLabelText': '한국은 예쁜 카페가 많아서 자주 가요 친구들이랑도 가고 혼자서도 갑니다 저는 커피를 좋아해서 항상 아메리카노나 카페라테를 마셔요', 'SentenceSpeechLV': '중'}",한국은 예쁜 가벼가 많아서 자주 가요. 친구들란도 가고 혼자서도 갑니다. 저는 커피를 좋아해서 항상 아메리카노나 가벼 라떼에 마셔요.,아메리카노,아메리카노,['아메리카노'],O,O
VN10QC242_VN0090_20210811.wav,"{'Reading': '', 'ReadingLabelText': '', 'Question': '가장 좋아하는 음료수는 무엇인가요? 여름과 겨울에 특별히 마시는 음료수가 있나요?', 'AnswerLabelText': '어/ 가장 좋아하는 음료수는 물이에요 근데 특별히 여름에 어/ 더워서 그/ 과일 맛 에이드를 마시면 딱 시원해질 거예요 어/ 반대면 겨울에 어/ 제일 자주 마시는 음료수가 어/ 유자차예요', 'SentenceSpeechLV': '중'}",가장 좋아하는 음요수는 무디예요. 근데 특별히 여름에 더워서 그 과일 맛 에이드를 마시면 딱 시원해체 지거예요. 반대면 겨울에 제 자주 맛있는 음요수가 요자 차예요.,가장 좋아하는 음요수는 무디예요. 근데 특별히 여름에 더워서 그 과일 맛 에이드를 마시면 딱 시원해체 지거예요. 반대면 겨울에 제 자주 맛있는 음요수가 요자 차예요.,유자차,"['핫초코', '녹차라떼', '곡물라떼', 'ICE 초코', 'ICE 녹차라떼', 'ICE 곡물라떼', '캐모마일', '페퍼민트', '레몬차', '유자차']",O,O
CN12RC045_CN0500_20211024.wav,"우리는 아이스 아메리카노 세 잔과, 산딸기 스무디 한 잔, 그리고 딸기 생크림 케이크를 주문했어요.",우리는 아이사메리카노 세찬과 산다기 스몰이 한잔 그리고 딸기승크림 케이크를 주문했어요.,우리는 아이사메리카노 세찬과 산다기 스몰이 한잔 그리고 딸기승크림 케이크를 주문했어요.,아메리카노,['아메리카노'],O,O
VN12RC046_VN0007_20210805.wav,"스무디를 시킨 친구는, 예전에 우유를 마시고 배가 아파 병원에 간 적이 있어서, 그 뒤로 우유가 든 라떼를 안 마신대요.",스무티르 식진진구는 예전에 커피를 마시고 배가 아파 평원에 간 경험이 있어서 그 뒤로 커피를 저재대로 안 마신데요.,스무티르 식진진구는 예전에 커피를 마시고 배가 아파 평원에 간 경험이 있어서 그 뒤로 커피를 저재대로 안 마신데요.,라떼,"['아메리카노', '카페라떼', '바닐라라떼', '연유라떼', '카페모카', '카라멜마끼아또', '에스프레소', 'ICE 아메리카노', 'ICE 카페라떼', 'ICE 바닐라라떼']",O,O
EX12RC045_EX0615_20211003.wav,"우리는 아이스 아메리카노 세 잔과, 수박 스무디 한 잔, 그리고 딸기 생크림 케이크를 주문했어요.","우리는 아이스 아미를 간 후 세 장과 수박, 숨어디 한 잔 그리고 딸기선 크림 케이크를 주문했어요.","ICE 우리는 ICE 아미를 간 후 세 장과 수박, 숨어디 한 잔 그리고 딸기선 크림 케이크를 주문했어요.",아메리카노,['ICE 초코'],X,X
VN12RC045_VN0230_20210808.wav,"우리는 흑당 라떼 세 잔과, 수박 스무디 한 잔이랑 청포도 주스 두 잔, 그리고 딸기 팥빙수를 주문했어요.",우리는 아이스 아메리 간호 세잔과 소박수모디 한잔 딸기 생크림 케이크와 와블널 주문했어요.,ICE 우리는 ICE 아메리 간호 세잔과 소박수모디 한잔 딸기 생크림 케이크와 와블널 주문했어요.,라떼,['ICE 초코'],X,X
CN30QA299_CN0076_20210810.wav,"{'Reading': '', 'ReadingLabelText': '', 'Question': '한국에서 카페에 가본 적이 있나요? 누구와 왜 갔나요? 무엇을 마셨나요?', 'AnswerLabelText': '카페에 가본 적 있습니다 친구랑 공부하거나 이야기 나눌 때 카페 갑니다 아이스 아메리카노나 카페라테를 마십니다', 'SentenceSpeechLV': '중'}",카페에 가본 적 있습니다. 친구랑 공부하거나 이야기 나눌때 카페가 갑니다. 아이스 아메리커노 카페 라 때를 마십니다.,ICE 카페에 가본 적 있습니다. 친구랑 공부하거나 이야기 나눌때 카페가 갑니다. ICE 아메리커노 디카페인 곡물라떼 때를 마십니다.,아메리카노,['ICE 디카페인 아메리카노'],O,O
JP13RC062_JP0056_20210802.wav,"어떻게 하면 친구를 깜짝 놀라게 해 줄 수 있을까 고민하다가, 제가 직접 쿠키와 빵을 만들어 주기로 결심했습니다. ",어떻게 하면 친구를 깜짝 놀라게 해줄 수 있을까 고민하다가 제가 직접 크기와 빵을 만들어주기로 결심했습니다.,어떻게 하면 친구를 깜짝 놀라게 해줄 수 있을까 고민하다가 제가 직접 크기와 빵을 만들어주기로 결심했습니다.,쿠키,"['치즈 케익', '초코 케익', '허니브레드', '마카다미아 쿠키', '초콜릿 쿠키', '소금빵']",O,O
JP10QC271_JP0255_20211110.wav,"{'Reading': '', 'ReadingLabelText': '', 'Question': '가장 좋아하는 과일이 무엇인가요? 왜 그 과일을 좋아하나요?', 'AnswerLabelText': '저는 복숭아를 가장 좋아합니다 그 이유는 좋아하는 핑크색이라는 것도 있지만 무엇보다 맛이 달콤해서 맛있습니다', 'SentenceSpeechLV': '상'}","저는 복숭아를 가장 좋아합니다. 그 이유는, 좋아하는 핑크색이라는 것도 있지만, 못보다 맛이 다루꼬면서 맛있습니다.","저는 복숭아 가장 좋아합니다. 그 이유는, 좋아하는 핑크색이라는 것도 있지만, 못보다 맛이 다루꼬면서 맛있습니다.",복숭아,['복숭아 아이스티'],O,O
EX12RC045_EX0190_20210808.wav,"우리는 아이스 아메리카노 세 잔과, 수박 스무디 한 잔, 그리고 딸기 생크림 케이크를 주문했어요.",우리는 아이사메리카노 세정과 수박 스무디 한단 그리고 딸기스윙크림 케이크를 질문했어요.,우리는 아이사메리카노 세정과 수박 스무디 한단 그리고 딸기스윙크림 케이크를 질문했어요.,아메리카노,"['치즈 케익', '초코 케익', '허니브레드', '마카다미아 쿠키', '초콜릿 쿠키', '소금빵']",X,X
CN12RC045_CN0509_20211022.wav,"우리는 아이스 아메리카노 세 잔과, 산딸기 스무디 한 잔, 그리고 딸기 생크림 케이크를 주문했어요.",우리는 아이스 아메리카노 세 장과 산달기 스모디 한 장 그리고 딸기 싱크린 케이크를 주문했어요,ICE 아메리카노,아메리카노,['ICE 아메리카노'],O,O
EX12RC045_EX0603_20211007.wav,"우리는 아이스 아메리카노 세 잔과, 수박 스무디 한 잔, 그리고 딸기 생크림 케이크를 주문했어요.","그리고 아이스 아메리카노, 세잔과, 수박, 스무티빈, 흔전, 그리고, 딸기, 싼, 크림, 스케일, 그룹, 주문, 했어요.",ICE 아메리카노,아메리카노,['ICE 아메리카노'],O,O
VN12RC045_VN0368_20211021.wav,"우리는 흑당 라떼 세 잔과, 수박 스무디 한 잔이랑 청포도 주스 두 잔, 그리고 딸기 팥빙수를 주문했어요.","우리는 흑당 라떼, 세찬과 수박 스무티 한잔 이랑 정포토 주스 두잔 그리고 딸기 밥빈수런 주문했어요.","우리는 흑당 라떼, 세찬과 수박 스무티 이랑 정포토 주스 두잔 그리고 딸기 밥빈수런 주문했어요.",라떼,['복숭아 아이스티'],X,X
VN12RC045_VN0155_20210924.wav,"우리는 흑당 라떼 세 잔과, 수박 스무디 한 잔이랑 청포도 주스 두 잔, 그리고 딸기 팥빙수를 주문했어요.",올인은 흑당 아대 세잔과 소박 스무디 한장이랑 정포도 조수 두잔 그리고 딸기 밥빈스릉 주문했어요.,올인은 흑당 아대 세잔과 소박 스무디 한장이랑 정포도 조수 두잔 그리고 딸기 밥빈스릉 주문했어요.,라떼,"['치즈 케익', '초코 케익', '허니브레드', '마카다미아 쿠키', '초콜릿 쿠키', '소금빵']",X,X
JP20QB228_JP0339_20211113.wav,"{'Reading': '', 'ReadingLabelText': '', 'Question': '간식을 자주 먹나요? 어떤 간식을 좋아하나요? 그 간식을 좋아하는 이유는 무엇인가요?', 'AnswerLabelText': '간식을 자주 먹는 편은 아니지만 단 것을 좋아해서 초코렛 같은 것을 가끔씩 먹습니다', 'SentenceSpeechLV': '중'}",간식을 자주 먹는 편은 아니지만 단골을 좋아해서 초코레 같은 것을 가끔씩 먹습니다.,초코,초코,['ICE 초코'],O,O
JP12RC045_JP0056_20210802.wav,"우리는 차가운 아메리카노 세 잔과, 수박 스무디 한 잔, 그리고 딸기 생크림 케이크를 주문했습니다.",우리는 차가운 아메리카한 오세장과 수박 스무디 한장 그리고 딸기 생크림 케이크를 주문했습니다.,ICE 우리는 ICE 아메리카한 오세장과 수박 스무디 한장 그리고 딸기 생크림 케이크를 주문했습니다.,아메리카노,['ICE 초코'],X,X
CN12RC045_CN0349_20211011.wav,"우리는 아이스 아메리카노 세 잔과, 산딸기 스무디 한 잔, 그리고 딸기 생크림 케이크를 주문했어요.","우리는 아이스크림, 아마리 간호, 세장과 산다기, 스모티, 한장, 그리고 딸기, 생크림 개이처를 주문했어요.","ICE 우리는 ICE 아마리 간호, 세장과 산다기, 스모티, 한장, 그리고 딸기, 생크림 개이처를 주문했어요.",아메리카노,['ICE 초코'],X,X
TH12RC045_TH0008_20210730.wav,"우리는 아이스 아메리카노 세 잔과, 사과 스무디 한 잔, 그리고 딸기 생크림 케이크를 주문했어요.",우리는 아이스 아메리카노 세찬과 사과 스무티란 한잔 그리고 딸기 생크림 케이크를 주문했어요.,ICE 아메리카노,아메리카노,['ICE 아메리카노'],O,O
JP13RC062_JP0112_20210731.wav,"어떻게 하면 친구를 깜짝 놀라게 해 줄 수 있을까 고민하다가, 제가 직접 쿠키와 빵을 만들어 주기로 결심했습니다. ",어떻게 하면 친구를 깜짝 놀라게 해줄 수 있을까 고민하다가 제가 직접 쿠키와 빵을 만들어주기로 결심했습니다.,마카다미아 쿠키,쿠키,['마카다미아 쿠키'],O,O
EX12RC045_EX0017_20210828.wav,"우리는 아이스 아메리카노 세 잔과, 수박 스무디 한 잔, 그리고 딸기 생크림 케이크를 주문했어요.","우리는 아이스 아메리카노, 세장과 수박스모지 한잔 그리고 딸기 생크림 개깨를 주문했어요.",ICE 아메리카노,아메리카노,['ICE 아메리카노'],O,O
CN10QC271_CN0016_20210730.wav,"{'Reading': '', 'ReadingLabelText': '', 'Question': '가장 좋아하는 과일이 무엇인가요? 왜 그 과일을 좋아하나요?', 'AnswerLabelText': '요즘 제일 좋아하는 과일이 복숭아입니다 왜냐하면 지금 제철이라서 싸서 맛있어요 다들 또 많이 드세요', 'SentenceSpeechLV': '상'}",요즘 제이 좋아하는 과일이 봉수학입니다. 왜냐하면 지금 제철이라서 사소 맛있어요. 다들 많이 드세요.,요즘 제이 좋아하는 과일이 봉수학입니다. 왜냐하면 지금 제철이라서 사소 맛있어요. 다들 많이 드세요.,복숭아,['복숭아 아이스티'],O,O
JP20QB228_JP0089_20210801.wav,"{'Reading': '', 'ReadingLabelText': '', 'Question': '간식을 자주 먹나요? 어떤 간식을 좋아하나요? 그 간식을 좋아하는 이유는 무엇인가요?', 'AnswerLabelText': '저는 간식을 자주 먹는 편입니다 특히 피곤했을 때나 졸릴 때 초콜릿을 자주 먹는 편입니다', 'SentenceSpeechLV': '중'}",저는 간식을 자주 먹는 편입니다. 특히 피곤했을 때나 절일 때 초코리에 잘 먹는 편입니다.,초코,초콜릿,['ICE 초코'],X,X
EX12RC045_EX0043_20210727.wav,"우리는 아이스 아메리카노 세 잔과, 수박 스무디 한 잔, 그리고 딸기 생크림 케이크를 주문했어요.",우리는 아이사메리카노 3장과 소박스모티 한잔 그리고 딸기 생크림 케이크를 주문했어요.,우리는 아이사메리카노 3장과 소박스모티 한잔 그리고 딸기 생크림 케이크를 주문했어요.,아메리카노,"['치즈 케익', '초코 케익', '허니브레드', '마카다미아 쿠키', '초콜릿 쿠키', '소금빵']",X,X
JP13RC062_JP0053_20210727.wav,"어떻게 하면 친구를 깜짝 놀라게 해 줄 수 있을까 고민하다가, 제가 직접 쿠키와 빵을 만들어 주기로 결심했습니다. ",어떻게 하면 친구를 깜짝 몰락해 해줄 수 있을까 고민하다가 제가 직접 쿠키와 땅을 만들어주기로 결심했습니다.,마카다미아 쿠키,쿠키,['마카다미아 쿠키'],O,O
JP12RC045_JP0032_20210730.wav,"우리는 차가운 아메리카노 세 잔과, 수박 스무디 한 잔, 그리고 딸기 생크림 케이크를 주문했습니다.",우리는 차강은 아메리카노 세장과 수박 스무디 한장 그리고 딸기 생크림 케이크를 주문했습니다.,아메리카노,아메리카노,['아메리카노'],O,O
EX30QA299_EX0605_20210929.wav,"{'Reading': '', 'ReadingLabelText': '', 'Question': '한국에서 카페에 가본 적이 있나요? 누구와 왜 갔나요? 무엇을 마셨나요?', 'AnswerLabelText': '저는 카페에 사진 찍을려고 친구들이랑 자주 갑니다 갈 때마다 저는 아메리카노를 많이 마셨던 거 같습니다 한국에 그/ 아메리카노 엄청 맛있다고 생각해서 왜 어디 가든 아메리카노를 많이 마셨던 거 같습니다', 'SentenceSpeechLV': '중'}",저는 카페에 사는 찍으려고 친구들과 자주 갑니다. 갈 때마다 저는 아메리카너를 많이 마셨던 것 같습니다. 한국에 아메리카너를 엄청 마실다고 생각을 계속 어디 가든 아메리카너를 많이 마셨던 것 같습니다.,저는 카페에 사는 찍으려고 친구들과 자주 갑니다. 갈 때마다 저는 아메리카노 많이 마셨던 것 같습니다. 한국에 아메리카노 엄청 마실다고 생각을 계속 어디 가든 아메리카노 많이 마셨던 것 같습니다.,아메리카노,['아메리카노'],O,O
JP13RC062_JP0085_20210731.wav,"어떻게 하면 친구를 깜짝 놀라게 해 줄 수 있을까 고민하다가, 제가 직접 쿠키와 빵을 만들어 주기로 결심했습니다.",어떻게 하면 징글을 감자은 놀라게 해줄 수 있을까 고민하다가 제가 직접 기와 방 만들어 주기로 결지했습니다.,어떻게 하면 징글을 감자은 놀라게 해줄 수 있을까 고민하다가 제가 직접 기와 방 만들어 주기로 결지했습니다.,쿠키,['ICE 카라멜마끼아또'],X,X
EX12RC045_EX0054_20210806.wav,"우리는 아이스 아메리카노 세 잔과, 수박 스무디 한 잔, 그리고 딸기 생크림 케이크를 주문했어요.",우리는 아이스 아메리카노 세잔과 수박 스무디 한잔 그리고 딸기 생크림 케이크를 주문했어요.,ICE 아메리카노,아메리카노,['ICE 아메리카노'],O,O
EX12RC045_EX0322_20210807.wav,"우리는 아이스 아메리카노 세 잔과, 수박 스무디 한 잔, 그리고 딸기 생크림 케이크를 주문했어요.",우리는 알사마리카노 새 잔과 수박수모대 한 잔 그리고 딸기 생그림 개크를 주문했어요,우리는 알사마리카노 새 잔과 수박수모대 그리고 딸기 생그림 개크를 주문했어요,아메리카노,['아메리카노'],O,O
EX12RC045_EX0534_20211011.wav,"우리는 아이스 아메리카노 세 잔과, 수박 스무디 한 잔, 그리고 딸기 생크림 케이크를 주문했어요.",우리는 아이스크� vy proced temu,ICE 우리는 ICE vy proced temu,아메리카노,['ICE 아메리카노'],O,O
VN12RC046_VN0148_20210805.wav,"스무디를 시킨 친구는, 예전에 우유를 마시고 배가 아파 병원에 간 적이 있어서, 그 뒤로 우유가 든 라떼를 안 마신대요.",스무 디른 식김진구는 예전에 커피는 마시고 배가 아파 병원에 간 경험이 있어서 그 뒤로 커피는 저 때로 안 마신대요.,스무 디른 식김진구는 예전에 커피는 마시고 배가 아파 병원에 간 경험이 있어서 그 뒤로 커피는 저 때로 안 마신대요.,라떼,"['아메리카노', '카페라떼', '바닐라라떼', '연유라떼', '카페모카', '카라멜마끼아또', '에스프레소', 'ICE 아메리카노', 'ICE 카페라떼', 'ICE 바닐라라떼']",O,O
VN12RC046_VN0477_20211102.wav,"스무디를 시킨 친구는, 예전에 우유를 마시고 배가 아파 병원에 간 적이 있어서, 그 뒤로 우유가 든 라떼를 안 마신대요.",스무티른 식인진구는 예전에 우유를 마시고 배가 아파 변호인에 칸 적기 있어서 그 뒤에 우유가 뜬 럭대를 안 마신데요.,스무티른 식인진구는 예전에 우유를 마시고 배가 아파 변호인에 칸 적기 있어서 그 뒤에 우유가 뜬 럭대를 안 마신데요.,라떼,"['카페라떼', '바닐라라떼', '연유라떼', '카페모카', '카라멜마끼아또', 'ICE 카페라떼', 'ICE 바닐라라떼', 'ICE 연유라떼', 'ICE 카페모카', 'ICE 카라멜마끼아또']",O,O
VN12RC046_VN0359_20211022.wav,"스무디를 시킨 친구는, 예전에 우유를 마시고 배가 아파 병원에 간 적이 있어서, 그 뒤로 우유가 든 라떼를 안 마신대요.",스무데를 시킨 친구는 이전의 우주를 마시고 배가 아파 병원에 간 적이 있어서 그 뒤로 우유 같은 라떼를 안 마시면 돼요.,스무데를 시킨 친구는 이전의 우주를 마시고 배가 아파 병원에 간 적이 있어서 그 뒤로 우유 같은 라떼를 안 마시면 돼요.,라떼,"['카페라떼', '바닐라라떼', '연유라떼', '카페모카', '카라멜마끼아또', 'ICE 카페라떼', 'ICE 바닐라라떼', 'ICE 연유라떼', 'ICE 카페모카', 'ICE 카라멜마끼아또']",O,O
VN12RC046_VN0156_20210727.wav,"스무디를 시킨 친구는, 예전에 우유를 마시고 배가 아파 병원에 간 적이 있어서, 그 뒤로 우유가 든 라떼를 안 마신대요.",스무디는 식긴 진구는 예전에 커피른 마시고 배가 아파 병원에 간 경험이 있어서 그 뒤로 커피를 절대로 안 마신대요.,스무디는 식긴 진구는 예전에 커피른 마시고 배가 아파 병원에 간 경험이 있어서 그 뒤로 커피를 절대로 안 마신대요.,라떼,"['아메리카노', '카페라떼', '바닐라라떼', '연유라떼', '카페모카', '카라멜마끼아또', '에스프레소', 'ICE 아메리카노', 'ICE 카페라떼', 'ICE 바닐라라떼']",O,O
EN22RB036_EN0008_20210917.wav,"급하게 초코소라빵을 바닥에 내려놓았고, 양손으로 입과 코를 모두 가린 뒤에, 계속 기침을 했습니다.",급하게 좋고 소라방을 바닥에 내려 놓았고 양순으로 입과 고를 모두 거린 뒤에 계속 기침을 했습니다.,급하게 좋고 소라방을 바닥에 내려 놓았고 양순으로 입과 고를 모두 거린 뒤에 계속 기침을 했습니다.,초코,['복숭아 아이스티'],X,O
VN12RC046_VN0174_20211126.wav,"스무디를 시킨 친구는, 예전에 우유를 마시고 배가 아파 병원에 간 적이 있어서, 그 뒤로 우유가 든 라떼를 안 마신대요.",스모디를 시킨 친구는 예전에 오유를 마시고 배가 아파 병원에 간 적이 있어서 그 뒤로 오유 같은 낯대를 안 마신데요.,스모디를 시킨 친구는 예전에 오유를 마시고 배가 아파 병원에 간 적이 있어서 그 뒤로 오유 같은 낯대를 안 마신데요.,라떼,['레몬차'],X,X
VN30QA299_VN0325_20210827.wav,"{'Reading': '', 'ReadingLabelText': '', 'Question': '한국에서 카페에 가본 적이 있나요? 누구와 왜 갔나요? 무엇을 마셨나요?', 'AnswerLabelText': '한국에서 카페에 가 본 적이 있나요 누구와 왜 갔나요 무엇을 마셨나요 한국에서 카페에 가 본 적이 많아요 친구와 같이 갔어요 그때 에스프레소를 마셨어요', 'SentenceSpeechLV': '중'}","한국에서 카페에 가본 적이 있나요? 루구와 왜 갔나요? 무엇은... 맞췄나요? 한국에서 카페에 가본 적이 많아요. 친구와 같이 갔어요. 그때, 엑스프레스소른 맞췄어요.","한국에서 카페에 가본 적이 있나요? 루구와 왜 갔나요? 무엇은... 맞췄나요? 한국에서 카페에 가본 적이 많아요. 친구와 같이 갔어요. 그때, 엑스프레스소른 맞췄어요.",에스프레소,"['아메리카노', '카페라떼', '바닐라라떼', '연유라떼', '카페모카', '카라멜마끼아또', '에스프레소', 'ICE 아메리카노', 'ICE 카페라떼', 'ICE 바닐라라떼']",O,O
VN12RC045_VN0037_20210807.wav,"우리는 흑당 라떼 세 잔과, 수박 스무디 한 잔이랑 청포도 주스 두 잔, 그리고 딸기 팥빙수를 주문했어요.","ORI눈하시면,臥을 Have aup로딩캠 packing 파� insertingapi 흔적의 소희 돈 proven","ORI눈하시면,臥을 Have aup로딩캠 packing 파� insertingapi 흔적의 소희 돈 proven",라떼,['ICE 유자차'],X,X
VN30QA299_VN0188_20210821.wav,"{'Reading': '', 'ReadingLabelText': '', 'Question': '한국에서 카페에 가본 적이 있나요? 누구와 왜 갔나요? 무엇을 마셨나요?', 'AnswerLabelText': '한국에서 카페에 가 본 적이 있어요 고향 친구랑 만나서 케이크랑 달콤한 생딸기라떼 마셨어요', 'SentenceSpeechLV': '상'}",한국에서 카페에 가본 적이 있어요. 고양친구랑 모아서 개의그랑 달건만 생다이기 라떼 마셨어요.,한국에서 카페에 가본 적이 있어요. 고양친구랑 모아서 개의그랑 달건만 생다이기 곡물라떼 마셨어요.,라떼,['곡물라떼'],O,O
VN12RC045_VN0387_20210929.wav,"우리는 흑당 라떼 세 잔과, 수박 스무디 한 잔이랑 청포도 주스 두 잔, 그리고 딸기 팥빙수를 주문했어요.",우리는 흑당 라떼의 세잔과 수박 스모티 한단이랑 청보도 초스 도전 그리고 딸기 밥빙줄을 주문했어요,우리는 흑당 라떼의 세잔과 수박 스모티 한단이랑 청보도 초스 도전 그리고 딸기 밥빙줄을 주문했어요,라떼,"['아메리카노', '카페라떼', '바닐라라떼', '연유라떼', '카페모카', '카라멜마끼아또', '에스프레소', 'ICE 아메리카노', 'ICE 카페라떼', 'ICE 바닐라라떼']",O,O
CN12RC045_CN0092_20210730.wav,"우리는 아이스 아메리카노 세 잔과, 산딸기 스무디 한 잔, 그리고 딸기 생크림 케이크를 주문했어요.","우리나라 아이사마리카노 세 장과 선, 딸기, 스노��한잔 그리고 딸기생들인 케이크를 주문했어요","우리나라 아이사마리카노 세 장과 선, 딸기, 스노��한잔 그리고 딸기생들인 케이크를 주문했어요",아메리카노,['아메리카노'],O,O
TH30QA299_TH0115_20211109.wav,"{'Reading': '', 'ReadingLabelText': '', 'Question': '한국에서 카페에 가본 적이 있나요? 누구와 왜 갔나요? 무엇을 마셨나요?', 'AnswerLabelText': '어/ 가본 적 있죠 어/ 한 친구들이랑 가고 어/ 저는 아이스 초코나 그거 미+ 밀크티 먹어요', 'SentenceSpeechLV': '중'}","어, 가분적 있죠. 어, 한 친구들이랑 가고 어, 저는 아이스크거나 그, 어, 밀, 밀크티 먹어요.","ICE 어, 가분적 있죠. 어, 친구들이랑 가고 어, 저는 ICE 그, 어, 밀, 밀크티 먹어요.",초코,"['ICE 초코', 'ICE 녹차라떼', 'ICE 곡물라떼', 'ICE 캐모마일', 'ICE 페퍼민트', 'ICE 레몬차', 'ICE 유자차']",O,O
CN50QA280_CN0296_20210901.wav,"{'Reading': '', 'ReadingLabelText': '', 'Question': ""여러분은 '꿈의 집'이 있나요? 여러분이 살고 싶은 집은 어떤 모습인가요?"", 'AnswerLabelText': '제가 꿈의 집은 어/ 다 핑크색으로 장식되어 있고 어/ 카페도 핑크색 주방도 김 핑크색 소파도 핑크색 그리고 먹을 수 못하는 수 없이 초콜릿과 간식을 꽉 차여 있어서 어/ 맨날 집에 안 나가도 쓸 수 없는 돈이 쓸 수 있어요', 'SentenceSpeechLV': '중'}","제가 꿈의 집은 다 핑크색으로 장식되어 있고 카페도 핑크색, 주반도 김핑크색, 소파도 핑크색 그리고 먹을 수 못하는 수 없이 초콜릿과 간식을 꽉 차여 있어서 맨날 집에는 안 나가도 쓸 수 없는 동립을 쓸 수 있어요","제가 꿈의 집은 마카다미아 핑크색으로 장식되어 있고 카페도 핑크색, 주반도 김핑크색, 소파도 핑크색 그리고 먹을 수 못하는 수 없이 초콜릿 간식을 꽉 차여 있어서 맨날 집에는 안 나가도 쓸 수 없는 동립을 쓸 수 있어요",초콜릿,"['핫초코', '녹차라떼', '곡물라떼', 'ICE 초코', 'ICE 녹차라떼', 'ICE 곡물라떼', '캐모마일', '페퍼민트', '레몬차', '유자차']",X,X
CN12RC045_CN0159_20210727.wav,"우리는 아이스 아메리카노 세 잔과, 산딸기 스무디 한 잔, 그리고 딸기 생크림 케이크를 주문했어요.",우리는 아이스 아메리카노 세 장과 샌덕이 스무디 한 잔 그리고 딸기 생크림 케이크를 주문했어요.,ICE 아메리카노,아메리카노,['ICE 아메리카노'],O,O
TH12RC045_TH0284_20211106.wav,"우리는 아이스 아메리카노 세 잔과, 사과 스무디 한 잔, 그리고 딸기 생크림 케이크를 주문했어요.","우리는 아이스크림 아메리카노, 세잔과 사과의 스무티랑 한잔, 그리고 딸기 생크림, 케이크는 주문했어요.",ICE 아메리카노,아메리카노,['ICE 아메리카노'],O,O
VN12RC045_VN0561_20211118.wav,"우리는 흑당 라떼 세 잔과, 수박 스무디 한 잔이랑 청포도 주스 두 잔, 그리고 딸기 팥빙수를 주문했어요.","우리는 흑당, 흘렸대, 세장과 소박스무티 한잔이랑 선보도, 추스 두잔 그리고 딸기 박빙소를 주문했어요.","우리는 흑당, 흘렸대, 세장과 소박스무티 한잔이랑 선보도, 추스 두잔 그리고 딸기 박빙소를 주문했어요.",라떼,"['치즈 케익', '초코 케익', '허니브레드', '마카다미아 쿠키', '초콜릿 쿠키', '소금빵']",X,X
TH12RC045_TH0101_20210828.wav,"우리는 아이스 아메리카노 세 잔과, 사과 스무디 한 잔, 그리고 딸기 생크림 케이크를 주문했어요.","우리는 아이스, 아메리카노, 세찬과, 사과, 스무티랑 전, 그리고 딸기, 생크림, 개기름, 주문, 해소요.",ICE 아메리카노,아메리카노,['ICE 아메리카노'],O,O
CN12RC045_CN0164_20210730.wav,"우리는 아이스 아메리카노 세 잔과, 산딸기 스무디 한 잔, 그리고 딸기 생크림 케이크를 주문했어요.",우리는 아이사메리카노 식장과 샌덕이 있으므로 한참. 그리고 딸기슨 크림 객굴을 주문했어요.,우리는 아메리카노 식장과 샌덕이 있으므로 한참. 그리고 딸기슨 크림 객굴을 주문했어요.,아메리카노,['아메리카노'],O,O
CN12RC045_CN0043_20210730.wav,"우리는 아이스 아메리카노 세 잔과, 산딸기 스무디 한 잔, 그리고 딸기 생크림 케이크를 주문했어요.",우리는 아이스 아메리카노 세상과 산달기 스무티란 짠 그리고 딸기 생크림테이크를 주문했어요.,ICE 아메리카노,아메리카노,['ICE 아메리카노'],O,O
CN10QC273_CN0517_20211021.wav,"{'Reading': '', 'ReadingLabelText': '', 'Question': '아플 때 꼭 먹는 음식이 있나요? 왜 아플 때 그 음식을 먹나요?', 'AnswerLabelText': '아플 때 먹는 음식이 음/ 초콜릿인 것 같아요 왜냐하면 초콜릿 먹으면 몸이 달달해져요', 'SentenceSpeechLV': '중'}",아플 때 먹는 음식이 초그리인 것 같아요. 왜냐하면 초그립 먹으면 몸이 달달해져요.,아플 때 먹는 음식이 초그리인 것 같아요. 왜냐하면 초그립 먹으면 몸이 달달해져요.,초콜릿,"['치즈 케익', '초코 케익', '허니브레드', '마카다미아 쿠키', '초콜릿 쿠키', '소금빵']",O,O
CN12RC045_CN0218_20210809.wav,"우리는 아이스 아메리카노 세 잔과, 산딸기 스무디 한 잔, 그리고 딸기 생크림 케이크를 주문했어요.",우리는 아이스 아메리카노 세 장과 산달기 승무디 한 장 그리고 딸기 생크림 케이크도 줌 냈어요.,ICE 아메리카노,아메리카노,['ICE 아메리카노'],O,O
JP10QC242_JP0158_20210806.wav,"{'Reading': '', 'ReadingLabelText': '', 'Question': '가장 좋아하는 음료수는 무엇인가요? 여름과 겨울에 특별히 마시는 음료수가 있나요?', 'AnswerLabelText': '제가 가장 좋아하는 음료수는 아메리카노예요 제가 한국에 와서 아메리카노를 좋아하게 됐는데요 여름에도 겨울에도 아메리카노를 많이 마셔요', 'SentenceSpeechLV': '상'}",제가 가장 좋아하는 음료수는 아메리카노에요. 제가 한국에 와서 아메리카노을 좋아하게 되는데요. 여름에도 겨울에도 아메리카노을 많이 마셔요.,아메리카노,아메리카노,['아메리카노'],O,O
JP12RC045_JP0264_20211111.wav,"우리는 차가운 아메리카노 세 잔과, 수박 스무디 한 잔, 그리고 딸기 생크림 케이크를 주문했습니다.",우리는 차가운 아메리카노 세장과 수박수무리 한장 그리고 탈기 생크림 개그루 주문했습니다.,ICE 아메리카노,아메리카노,['ICE 아메리카노'],O,O
TH12RC045_TH0179_20211016.wav,"우리는 아이스 아메리카노 세 잔과, 사과 스무디 한 잔, 그리고 딸기 생크림 케이크를 주문했어요.",우리는 아이스 엄매를 간노 세잔과 사과 스모티 한잔 그리고 딸기 생크림 케익을 주문했어요.,ICE 초코 케익,아메리카노,['ICE 초코'],X,X
JP13RC062_JP0110_20210730.wav,"어떻게 하면 친구를 깜짝 놀라게 해 줄 수 있을까 고민하다가, 제가 직접 쿠키와 빵을 만들어 주기로 결심했습니다. ",어떻게 하면 친구를 깜짝 놀라게 해줄 수 있을까 고민하다가 제가 직접 크기와 빵을 만들어 주기로 결심했습니다.,어떻게 하면 친구를 깜짝 놀라게 해줄 수 있을까 고민하다가 제가 직접 크기와 빵을 만들어 주기로 결심했습니다.,쿠키,"['치즈 케익', '초코 케익', '허니브레드', '마카다미아 쿠키', '초콜릿 쿠키', '소금빵']",O,O
EX12RC045_EX0429_20211004.wav,"우리는 아이스 아메리카노 세 잔과, 수박 스무디 한 잔, 그리고 딸기 생크림 케이크를 주문했어요.",우리는 아이스 아메리카노 세찬과 수박 semua 띄한 잔 그리구다기 생크림 케이크를 주문했어요.,ICE 아메리카노,아메리카노,['ICE 아메리카노'],O,O
CN10QC242_CN0260_20210731.wav,"{'Reading': '', 'ReadingLabelText': '', 'Question': '가장 좋아하는 음료수는 무엇인가요? 여름과 겨울에 특별히 마시는 음료수가 있나요?', 'AnswerLabelText': '저는 커피를 좋아합니다 겨울에는 따뜻한 아메리카노 여름에는 아이스아메리카노 아무튼 커피가 참 좋습니다', 'SentenceSpeechLV': '상'}","저는 커피를 좋아합니다. 겨울에는 따뜻한 아메리카노, 여름에는 아이스 아메리카노. 아무튼 커피가 참 좋습니다.",ICE 아메리카노,아메리카노,['ICE 아메리카노'],O,O
EX10QC242_EX0093_20210807.wav,"{'Reading': '', 'ReadingLabelText': '', 'Question': '가장 좋아하는 음료수는 무엇인가요? 여름과 겨울에 특별히 마시는 음료수가 있나요?', 'AnswerLabelText': '\ufeff가장 좋아하는 음료수는 어/ 콤부차인 거 같아요 음/ 여름에는 콤부차 많이 마시고요 겨울에는 유자차 잘 마셔요', 'SentenceSpeechLV': '하'}",가장 좋아하는 이수는 건부차인 것 같아요 여름에는 건부차 많이 마시고요 겨울에는 유자차 잘 마셔요,유자차,유자차,['유자차'],O,O
JP30QA299_JP0060_20210808.wav,"{'Reading': '', 'ReadingLabelText': '', 'Question': '한국에서 카페에 가본 적이 있나요? 누구와 왜 갔나요? 무엇을 마셨나요?', 'AnswerLabelText': '카페에 가 본 적이 많이 있습니다 거의 혼자서 가거나 친한 친구하고 둘이 가거나 그렇게 가고 있습니다 카페에 가면은 거의 아메리카노나 라테나 마시고 있습니다', 'SentenceSpeechLV': '중'}","카페 가본 적에 많이 있으면, 거의 혼자서 가거나, 지난 친구하고, 투리 가거나 그렇게 가고 있습니다. 카페 가면은 거의 아메리카노, 라때나 마시고 있습니다.",아메리카노,아메리카노,['아메리카노'],O,O
EX12RC045_EX0647_20211011.wav,"우리는 아이스 아메리카노 세 잔과, 수박 스무디 한 잔, 그리고 딸기 생크림 케이크를 주문했어요.","우리는 아이스 아메리카노, 세잔과 수박수묻지, 한잔 그리고 딸기 생크림, 개그를 주문했어요.",ICE 아메리카노,아메리카노,['ICE 아메리카노'],O,O
EX10QC242_EX0581_20211003.wav,"{'Reading': '', 'ReadingLabelText': '', 'Question': '가장 좋아하는 음료수는 무엇인가요? 여름과 겨울에 특별히 마시는 음료수가 있나요?', 'AnswerLabelText': '저는 계절이랑 상관없이 따뜻한 음료수를 선호하지 않고 또 차가운 음료수 중에도 어/ 아이스라테나 스무디 그/ 라이스 스무디도 많이 좋아하고 또 단 것도 너무 좋아해서 아이스초코도 많이 마시는 편이에요', 'SentenceSpeechLV': '중'}","저는 계절이랑 상관없이 따뜻한 릴스를 선호하지 않고 또 차는 릴스를 중도 아이스라테나 스무치, 라이스 스무치도 많이 좋아하고 단곱도 너무 좋아해서 아이스크도 많이 마시는 편이에요.","ICE 저는 계절이랑 상관없이 릴스를 선호하지 않고 카라멜마끼아또 차는 릴스를 중도 ICE 스무치, 라이스 스무치도 많이 좋아하고 단곱도 너무 좋아해서 ICE 많이 마시는 편이에요.",초코,"['ICE 초코', 'ICE 녹차라떼', 'ICE 곡물라떼', 'ICE 캐모마일', 'ICE 페퍼민트', 'ICE 레몬차', 'ICE 유자차']",O,O
EN12RC045_EN0101_20211020.wav,"우리는 아이스 아메리카노 세 잔과, 수박 스무디 한 잔, 딸기 생크림 케이크와 와플을 주문했어요.",우리는 아이스 아메리카노 새 전과 수박수무디 한잔 딸기생크림 케이크와 워플을 주문했어요.,ICE 아메리카노,아메리카노,['ICE 아메리카노'],O,O
EN22RB036_EN0156_20211026.wav,"급하게 초코소라빵을 바닥에 내려놓았고, 양손으로 입과 코를 모두 가린 뒤에, 계속 기침을 했습니다.",급하게 초코 소라빵을 바닥에 내려놓았고 양손으로 입과 코를 모두 가린 뒤에 계속 기침을 했습니다.,초코,초코,['ICE 초코'],O,O
EX12RC045_EX0854_20211021.wav,"우리는 아이스 아메리카노 세 잔과, 수박 스무디 한 잔, 그리고 딸기 생크림 케이크를 주문했어요.",우리는 아이스 아메리카노 세 장과 수박 스모티 한 장 그리고 딸기 생크림 케이크를 주문했어요.,ICE 아메리카노,아메리카노,['ICE 아메리카노'],O,O
TH12RC045_TH0036_20210808.wav,"우리는 아이스 아메리카노 세 잔과, 사과 스무디 한 잔, 그리고 딸기 생크림 케이크를 주문했어요.",우리는 아이스 아메리카노 세잔과 사과 스무티 한잔 그리고 딸기 생크림 케이크를 주문했어요.,ICE 아메리카노,아메리카노,['ICE 아메리카노'],O,O
EN10QC278_EN0015_20210808.wav,"{'Reading': '', 'ReadingLabelText': '', 'Question': '지금 입고 있는 옷의 종류와 색깔에 대해 얘기해 주세요. 이 옷을 언제, 어떻게 갖게 되었나요?', 'AnswerLabelText': '어/ 지금 검정색 티에 어/ 이거 복숭아색 반바지 입고 왔어 입고 있어요 어/ 그/ 이거 티셔츠는 아/ 이거 원피스 티셔츠인데 그/ 토니라는 캐릭터 새긴 이제 티셔츤데 이거는 그냥 옛날에 한 진짜 한국에 처음 왔을 때 유니클로에서 산 옷이고 바지는 어디서 샀는지 기억이 안 나요 그냥 너무 오래전에 산 거라서', 'SentenceSpeechLV': '중'}",지금 검통색 티에 복숭아색 반바지 입고 있어요. 티셔츠는 원피스 티셔츠인데 톤이 캐릭터 색인 티셔츠인데 이거는 옛날에 한국에 처음 왔을 때 유니클로에서 산 오지고 바지는 어디서 산는지 기억이 안 나요. 그냥 너무 오래전에 산 거라서,지금 검통색 티에 복숭아 반바지 입고 있어요. 티셔츠는 원피스 티셔츠인데 톤이 캐릭터 색인 티셔츠인데 이거는 옛날에 한국에 처음 왔을 때 유니클로에서 산 오지고 바지는 어디서 산는지 기억이 안 나요. 그냥 너무 오래전에 산 거라서,복숭아,['복숭아 아이스티'],O,O
TH12RC045_TH0219_20211020.wav,"우리는 아이스 아메리카노 세 잔과, 사과 스무디 한 잔, 그리고 딸기 생크림 케이크를 주문했어요.",우리는 아이스 아메리카노세 잔과 싸과 스몰이 한 잔 그리고 딸기생 그림 개귀를 주문했어요.,ICE 아메리카노,아메리카노,['ICE 아메리카노'],O,O
JP12RC045_JP0176_20210803.wav,"우리는 차가운 아메리카노 세 잔과, 수박 스무디 한 잔, 그리고 딸기 생크림 케이크를 주문했습니다.",우리는 차가운 아메리카노 세장과 수박수무티 한장 그리고 딸기 생크림 케이크를 주문했습니다.,ICE 아메리카노,아메리카노,['ICE 아메리카노'],O,O
VN12RC045_VN0289_20211115.wav,"우리는 흑당 라떼 세 잔과, 수박 스무디 한 잔이랑 청포도 주스 두 잔, 그리고 딸기 팥빙수를 주문했어요.",우리는 흑땅라데의 세 잔과 수박스무디 한 잔이랑 청포도 조수 두 잔 그리고 딸기 팟빈스로는 주문했어요.,우리는 흑땅라데의 세 잔과 수박스무디 잔이랑 청포도 조수 두 그리고 딸기 팟빈스로는 주문했어요.,라떼,"['치즈 케익', '초코 케익', '허니브레드', '마카다미아 쿠키', '초콜릿 쿠키', '소금빵']",X,X
VN20QB235_VN0316_20211106.wav,"{'Reading': '', 'ReadingLabelText': '', 'Question': '여가 시간에 배우고 싶은 것은 무엇인가요? 왜 그것을 배우고 싶나요? (예: 태권도, 춤, 요리, 복싱, 노래, 수영)', 'AnswerLabelText': '저는 요리에 관심 많아서 여가 시간에 배우고 싶은 것은 빵 만들기예요 저랑 애기가 빵을 좋아해서 제가 빵을 직접 만들고 싶어요 현재는 제가 쿠키랑 카스텔라 빵 만들 수 있는데 더 다양한 빵 종류 만들고 싶어요', 'SentenceSpeechLV': '중'}",저는 요리를 관심 많아서 여가 시간에 배우고 싶은 것은 빵 만들기에요. 저랑 애기가 빵을 좋아해서 제가 빵을 직접 만들고 싶어요. 현재는 제가 쿠키랑 캐스텔라빵 만들 수 있는데 또 다양한 방 중료 만들고 싶어요.,저는 요리를 관심 많아서 여가 시간에 배우고 싶은 것은 빵 만들기에요. 저랑 애기가 빵을 좋아해서 제가 빵을 직접 만들고 싶어요. 현재는 제가 쿠키랑 캐스텔라빵 만들 수 있는데 또 다양한 방 중료 만들고 싶어요.,쿠키,['치즈 케익'],X,O
CN12RC045_CN0435_20211014.wav,"우리는 아이스 아메리카노 세 잔과, 산딸기 스무디 한 잔, 그리고 딸기 생크림 케이크를 주문했어요.",우리는 아이스 아메리카노 세장과 산달기 스모티 한잔 그리고 딸기 생크림 케이크를 주묘했어요.,ICE 아메리카노,아메리카노,['ICE 아메리카노'],O,O
JP13RC062_JP0037_20210730.wav,"어떻게 하면 친구를 깜짝 놀라게 해 줄 수 있을까 고민하다가, 제가 직접 쿠키와 빵을 만들어 주기로 결심했습니다. ",어떻게 하면 친구를 깜짝 놀라게 해줄 수 있을까 고민하다가 제가 직접 쿠키와 빵을 만들어주기로 결심했습니다.,마카다미아 쿠키,쿠키,['마카다미아 쿠키'],O,O
CN12RC045_CN0505_20211024.wav,"우리는 아이스 아메리카노 세 잔과, 산딸기 스무디 한 잔, 그리고 딸기 생크림 케이크를 주문했어요.",우리는 아이스 아메리카노 세 장과 산달기 스모티 한 장 그리고 딸기 생크림 케이크를 주무었어요.,ICE 아메리카노,아메리카노,['ICE 아메리카노'],O,O
EX30QA299_EX0264_20210810.wav,"{'Reading': '', 'ReadingLabelText': '', 'Question': '한국에서 카페에 가본 적이 있나요? 누구와 왜 갔나요? 무엇을 마셨나요?', 'AnswerLabelText': '카페에 가 본 적이 있죠 그 친구부능 un/ 같이 갔는데 아메리카노랑 그/ 바닐라라테 시켰어요', 'SentenceSpeechLV': '하'}",카페 가본 적 있죠. 그 친구 보랑 같이 갔는데 아메리카노어라우 그 바늘한 앞대 시켰어요.,아메리카노,아메리카노,['아메리카노'],O,O
CN20QB228_CN0186_20210814.wav,"{'Reading': '', 'ReadingLabelText': '', 'Question': '간식을 자주 먹나요? 어떤 간식을 좋아하나요? 그 간식을 좋아하는 이유는 무엇인가요?', 'AnswerLabelText': '간식을 자주 자주 안 먹지만 어/ 좋아하는 간+ 간식은 호두랑 초콜릿이에요 그/ 초콜릿 좋아하는 이유는 스트레스 먹을 때는 스트레스 잘 풀려서 먹는 거고 호두는 그냥 맛있고 건강에 좋아서 많이 먹어요', 'SentenceSpeechLV': '상'}","간식의 작주, 자주 안 먹지만 좋아하는 간식은 호두랑 초코라씨예요 초코를 좋아하는 이유는 먹을 때는 스트레스를 잘 풀려서 먹는 거고 호두는 그냥 씻고 건강에 좋아서 많이 먹어요","간식의 작주, 자주 안 먹지만 좋아하는 간식은 호두랑 초코 좋아하는 이유는 먹을 때는 스트레스를 잘 풀려서 먹는 거고 호두는 그냥 씻고 건강에 좋아서 많이 먹어요",초콜릿,['ICE 초코'],X,X
EN12RC045_EN0051_20210903.wav,"우리는 아이스 아메리카노 세 잔과, 수박 스무디 한 잔, 딸기 생크림 케이크와 와플을 주문했어요.",우리는 아이스메리 간호 세 장과 수박 스무디 한 잔 깔기 생크림 케이고와 와플을 주문했어요.,ICE 우리는 ICE 간호 세 장과 수박 스무디 깔기 생크림 케이고와 와플을 주문했어요.,아메리카노,['ICE 초코'],X,X
EX20QB228_EX0084_20210805.wav,"{'Reading': '', 'ReadingLabelText': '', 'Question': '간식을 자주 먹나요? 어떤 간식을 좋아하나요? 그 간식을 좋아하는 이유는 무엇인가요?', 'AnswerLabelText': '제가 간식은 자주 먹는 편 아닌데 좋아하는 간식은 하나 있어요 그것은 바로 초코하임입니다 제가 초콜릿을 좋아해서 그것은 제 입맛에 너무 맞습니다', 'SentenceSpeechLV': '중'}","제가 간식은 자주 먹는 편 아닌데, 좋아하는 간식은 하나 있어요. 그것은 바로 초코하임입니다. 제가 초콜렛이 좋아해서 그것은 제 입맛에 너무 맞습니다.","제가 간식은 자주 먹는 편 아닌데, 좋아하는 간식은 하나 있어요. 그것은 바로 초코 제가 초콜렛이 좋아해서 그것은 제 입맛에 너무 맞습니다.","초코, 초콜릿",['ICE 초코'],O,O
EX30QA299_EX0603_20211001.wav,"{'Reading': '', 'ReadingLabelText': '', 'Question': '한국에서 카페에 가본 적이 있나요? 누구와 왜 갔나요? 무엇을 마셨나요?', 'AnswerLabelText': '네 한국에서 카페 가본 적이 있어요 저는 포항 친구들과 같이 밖에 좋은 시간을 보내려고 이야기하려고 갔어요 우리는 아메리카노 부르는 커피를 마셨어요', 'SentenceSpeechLV': '하'}","네 한국에서 카페에 가본 적이 있어요. 전원, 팡칭구들과 같이 밖에의 처음 시간이 보내려고 이야기하려고 갔어요. 우리는 아메리카노 부르는 카페 룰, 맞았어요.","네 한국에서 카페에 가본 적이 있어요. 전원, 팡칭구들과 같이 밖에의 처음 시간이 보내려고 이야기하려고 갔어요. 우리는 아메리카노 부르는 디카페인 룰, 맞았어요.",아메리카노,"['디카페인 아메리카노', '디카페인 카페라떼', 'ICE 디카페인 아메리카노', 'ICE 디카페인 카페라떼']",O,O
EX40QB258_EX0191_20211003.wav,"{'Reading': '', 'ReadingLabelText': '', 'Question': '친밀감을 표현하는 방식에 있어 한국과 고향이 서로 다른 점이 있다면 그것은 무엇인가요? (예: 어깨를 다독인다, 음식을 나눈다)', 'AnswerLabelText': '친밀감을 표현할 때는 러시아에서는 주로 집으로 초대하거든요 그리고 뭐/ 음식을 준비하거나 그러지 않고 그냥 따듯한 홍차에 과자 초콜릿 이런 것들을 꺼내서 어/ 서로 대화를 나누면서 친해집니다', 'SentenceSpeechLV': '상'}",침일감을 배현할 때는 러시아에서는 주로 집으로 초대하거든요. 그리고 음식을 준비하거나 그러지 않고 그냥 따뜻한 홍차에 과자 초콜릿 이런 것들을 꺼내서 서로 대화를 나누면서 친해집니다.,침일감을 배현할 때는 러시아에서는 주로 집으로 초대하거든요. 그리고 음식을 준비하거나 그러지 않고 그냥 홍차에 과자 초콜릿 이런 것들을 꺼내서 서로 대화를 나누면서 친해집니다.,초콜릿,"['핫초코', '녹차라떼', '곡물라떼', 'ICE 초코', 'ICE 녹차라떼', 'ICE 곡물라떼', '캐모마일', '페퍼민트', '레몬차', '유자차']",X,X
EN22RB034_EN0156_20211026.wav,"또 늦은 시간인데도 와줘서 고맙다고 하시며, 초코소라빵을 꺼내서 저에게도 먹어 보라고 주셨어요.",또 늦은 시간인데도 와줘서 고맙다고 하시며 초코 서랍방을 꺼내서 저에게도 먹어보라고 주셨어요.,초코,초코,['ICE 초코'],O,O
JP10QC242_JP0138_20210730.wav,"{'Reading': '', 'ReadingLabelText': '', 'Question': '가장 좋아하는 음료수는 무엇인가요? 여름과 겨울에 특별히 마시는 음료수가 있나요?', 'AnswerLabelText': '저는 커피를 가장 좋아합니다 여름에는 아이스 아메리카노 겨울에는 따뜻한 아메리카노를 즐겨 마십니다', 'SentenceSpeechLV': '상'}",저는 커피를 가장 좋아합니다. 여름에는 아이스 아메리카노 겨울에는 따뜻한 아메리카노 를 즐겨 마십니다.,ICE 아메리카노,아메리카노,['ICE 아메리카노'],O,O
VN12RC045_VN0032_20210807.wav,"우리는 흑당 라떼 세 잔과, 수박 스무디 한 잔이랑 청포도 주스 두 잔, 그리고 딸기 팥빙수를 주문했어요.","우리는 아이스 아메리카노 세찬과 수박수모티 한장, 딸기 생크림 케이크와 곽그룹 주문했어요.",ICE 아메리카노,라떼,['ICE 아메리카노'],X,O
VN12RC045_VN0259_20211110.wav,"우리는 흑당 라떼 세 잔과, 수박 스무디 한 잔이랑 청포도 주스 두 잔, 그리고 딸기 팥빙수를 주문했어요.",우리는 흡당 라떼 세잔과 수박스무티란한잔이랑 청포도 줄 수 있는 도전 그리고 딸기 팝핑수든 주문했어요.,우리는 흡당 곡물라떼 세잔과 수박스무티란한잔이랑 청포도 줄 수 있는 도전 그리고 딸기 팝핑수든 주문했어요.,라떼,['곡물라떼'],O,O
TH10QC242_TH0141_20211020.wav,"{'Reading': '', 'ReadingLabelText': '', 'Question': '가장 좋아하는 음료수는 무엇인가요? 여름과 겨울에 특별히 마시는 음료수가 있나요?', 'AnswerLabelText': '제가 가장 좋아하는 음료수는 커피입니다 여름에 아이스 아메리카노 겨울에는 달달한 바닐라라테입니다', 'SentenceSpeechLV': '상'}",제가 가장 좋아하는 음료수는 커피입니다. 여름에 아이스 아메리카노 겨울에는 달달한 판이라 라데입니다.,ICE 아메리카노,아메리카노,['ICE 아메리카노'],O,O
JP12RC045_JP0040_20210801.wav,"우리는 차가운 아메리카노 세 잔과, 수박 스무디 한 잔, 그리고 딸기 생크림 케이크를 주문했습니다.","우리는 차가운 아메리카모, 세장과 수박숨무드 한장, 그리고 딸기생크림케이크를 주문했습니다.","ICE 우리는 ICE 아메리카모, 세장과 수박숨무드 한장, 그리고 딸기생크림케이크를 주문했습니다.",아메리카노,['ICE 초코'],X,X
JP13RC062_JP0084_20210727.wav,"어떻게 하면 친구를 깜짝 놀라게 해 줄 수 있을까 고민하다가, 제가 직접 쿠키와 빵을 만들어 주기로 결심했습니다. ",어떻게 하면 친구를 깜짝 놀라게 해줄 수 있을까 고민하다가 제가 직접 쿠키와 파우루를 만들어주기로 결심했습니다.,마카다미아 쿠키,쿠키,['마카다미아 쿠키'],O,O
EX10QC242_EX0648_20211010.wav,"{'Reading': '', 'ReadingLabelText': '', 'Question': '가장 좋아하는 음료수는 무엇인가요? 여름과 겨울에 특별히 마시는 음료수가 있나요?', 'AnswerLabelText': '저는 가장 좋아하는 음료수는 초콜이에요 특별히 겨울이 너무 추워서 따뜻한 초콜릿을 마시고 내 마음이 따뜻하게 돼요', 'SentenceSpeechLV': '하'}",저는 가장 좋아하는 의료수는 초콜릿이에요. 특별히 겨울이 너무 좋아서 타뚜탈 초콜릿이 오는 맛이 있고 내 마움이 타뚜탈 깨도 해야죠.,저는 가장 좋아하는 의료수는 초콜릿 특별히 겨울이 너무 좋아서 타뚜탈 초콜릿 오는 맛이 있고 내 마움이 타뚜탈 깨도 해야죠.,초콜릿,"['치즈 케익', '초코 케익', '허니브레드', '마카다미아 쿠키', '초콜릿 쿠키', '소금빵']",O,O
VN12RC046_VN0028_20210809.wav,"스무디를 시킨 친구는, 예전에 우유를 마시고 배가 아파 병원에 간 적이 있어서, 그 뒤로 우유가 든 라떼를 안 마신대요.",스무 드릴을 시킨 친구는 예전에 커피를 마시고 내가 아파 병원에 간 경험이 있어서 그 뒤로 커피를 절대로 안 마신대요.,스무 드릴을 시킨 친구는 예전에 커피를 마시고 내가 아파 병원에 간 경험이 있어서 그 뒤로 커피를 절대로 안 마신대요.,라떼,"['아메리카노', '카페라떼', '바닐라라떼', '연유라떼', '카페모카', '카라멜마끼아또', '에스프레소', 'ICE 아메리카노', 'ICE 카페라떼', 'ICE 바닐라라떼']",O,O
JP12RC045_JP0097_20210727.wav,"우리는 차가운 아메리카노 세 잔과, 수박 스무디 한 잔, 그리고 딸기 생크림 케이크를 주문했습니다.",우리는 차가운 아메리카노 세장과 수박 스물디 한장 그리고 딸기 생크림 케익으로 주문했습니다.,ICE 아메리카노,아메리카노,['ICE 아메리카노'],O,O
TH30QA299_TH0216_20211024.wav,"{'Reading': '', 'ReadingLabelText': '', 'Question': '한국에서 카페에 가본 적이 있나요? 누구와 왜 갔나요? 무엇을 마셨나요?', 'AnswerLabelText': '음/ 제가 그/ 한국에서 있는 카페에 가 본 적이 없어요 그런데 갈 수 있다면 제가 친구들이랑 가고 싶어요 그리고 마실 것은 그/ 제가 아메리카노를 마시고 싶어요', 'SentenceSpeechLV': '중'}",제가 한국에서 있는 카페에 가본 적이 없어요. 그런데 할 수 있다면 제가 싱구를이랑 가고 싶어요. 그리고 마친 그 싱크 실가 아메리카노를 마치고 싶어요.,제가 한국에서 있는 카페에 가본 적이 없어요. 그런데 할 수 있다면 제가 싱구를이랑 가고 싶어요. 그리고 마친 그 싱크 실가 아메리카노 마치고 싶어요.,아메리카노,['아메리카노'],O,O
CN10QC271_CN0457_20211010.wav,"{'Reading': '', 'ReadingLabelText': '', 'Question': '가장 좋아하는 과일이 무엇인가요? 왜 그 과일을 좋아하나요?', 'AnswerLabelText': '저는 딱딱한 청도 복숭아를 좋아합니다 일단 새콤달콤한 맛이 아주 좋고요 그리고 다른 과일처럼 껍질을 제거할 필요가 없어서 아주 간편하게 먹을 수 있습니다', 'SentenceSpeechLV': '상'}",저는 딱딱한 천루 목숨아를 좋아합니다. 일단 새콤 달콤한 맛이 아주 좋고요. 그리고 다른 과일처럼 껍질을 제거할 필요가 없어서 아주 강편하게 먹을 수 있습니다.,저는 딱딱한 천루 목숨아를 좋아합니다. 일단 새콤 달콤한 맛이 아주 좋고요. 그리고 다른 과일처럼 껍질을 제거할 필요가 없어서 아주 강편하게 먹을 수 있습니다.,복숭아,"['치즈 케익', '초코 케익', '허니브레드', '마카다미아 쿠키', '초콜릿 쿠키', '소금빵']",X,O
EX12RC045_EX0218_20210805.wav,"우리는 아이스 아메리카노 세 잔과, 수박 스무디 한 잔, 그리고 딸기 생크림 케이크를 주문했어요.",우리는 아이스 아메리카노와 세장과 수박 스무티 한잔 그리고 다르기 생크림 개그를 주문했어요.,ICE 아메리카노,아메리카노,['ICE 아메리카노'],O,O
EX20QB236_EX0115_20210803.wav,"{'Reading': '', 'ReadingLabelText': '', 'Question': '일주일에 커피를 얼마나 마시나요? (예: 매일, 일주일에 두 번 등) 너무 많이 마신다고 생각된다면 어느 정도가 적당하다고 생각하나요?', 'AnswerLabelText': '아/ 일 주일이 아/ 세 일곱 번 마십니다 하루에 한 번 왜냐면은 저는 공부를 많이 해서 그/ 그냥 집중 아/ 집중을 받기 때문에 커피를 아메리카노를 마십니다', 'SentenceSpeechLV': '중'}",일주일이 7번 마십니다. 하루에 한 번. 왜냐하면 저는 공부를 많이 해서 그냥 집중을 받기 때문에 고피를 아메리카노을 마십니다.,아메리카노,아메리카노,['아메리카노'],O,O
CN30QA299_CN0092_20210810.wav,"{'Reading': '', 'ReadingLabelText': '', 'Question': '한국에서 카페에 가본 적이 있나요? 누구와 왜 갔나요? 무엇을 마셨나요?', 'AnswerLabelText': '한국에서 카페 가본 적이 있어요 친구와 과제를 하러 갔어요 우리 둘이 다 아이스 아메리카노를 시켰어요', 'SentenceSpeechLV': '중'}",한국에서 카페에 가뿐 적이 있어요. 친구와 과제를 하러 갔어요. 우리 둘이 다 아이스 아메리카노을 시켰어요.,ICE 한국에서 카페에 가뿐 적이 있어요. 친구와 과제를 하러 갔어요. 우리 둘이 마카다미아 ICE 아메리카노 시켰어요.,아메리카노,['ICE 아메리카노'],O,O
TH12RC045_TH0226_20211110.wav,"우리는 아이스 아메리카노 세 잔과, 사과 스무디 한 잔, 그리고 딸기 생크림 케이크를 주문했어요.","우리는 아이스크림 아메리카노, 산과, 사과, 스모티, 한잔, 그리고 딸기생 그림 개이 그를 주문했어요.",ICE 아메리카노,아메리카노,['ICE 아메리카노'],O,O
CN50QA300_CN0396_20211012.wav,"{'Reading': '', 'ReadingLabelText': '', 'Question': '여러분이 가지고 있는 책 혹은 읽어본 책 중 하나를 골라서 그 책이 무슨 내용인지 간략히 설명해 주세요.', 'AnswerLabelText': '제가 요즘에 보고 있는 책은 불안 중독이라는 거입니다 초콜릿 알코올 카페인 스마트폰을 끄지 못하는 진짜 이유 그리고 통제하는 법에 대한 이야기입니다', 'SentenceSpeechLV': '상'}",제가 요즘에 보고 있는 책은 불안 중독이라는 거입니다. 초콜릿 알코올 카페인 스마트폰을 끝이 못하는 진자 이유 그리고 텐재하는 법에 대한 이야기입니다.,제가 요즘에 보고 있는 책은 불안 중독이라는 거입니다. 초콜릿 알코올 카페인 스마트폰을 끝이 못하는 진자 이유 그리고 텐재하는 법에 대한 이야기입니다.,초콜릿,"['아메리카노', '카페라떼', '바닐라라떼', '연유라떼', '카페모카', '카라멜마끼아또', '에스프레소', 'ICE 아메리카노', 'ICE 카페라떼', 'ICE 바닐라라떼']",X,X
VN12RC045_VN0061_20210922.wav,"우리는 흑당 라떼 세 잔과, 수박 스무디 한 잔이랑 청포도 주스 두 잔, 그리고 딸기 팥빙수를 주문했어요.","우리는 흙당랍대세 장과 소박스모티 한 잔이랑 청보도스, 쭉스 도지한 그리고 달기 밥빙소를 주문했어요.","우리는 흙당랍대세 장과 소박스모티 잔이랑 청보도스, 쭉스 도지한 그리고 달기 밥빙소를 주문했어요.",라떼,"['치즈 케익', '초코 케익', '허니브레드', '마카다미아 쿠키', '초콜릿 쿠키', '소금빵']",X,X
VN12RC045_VN0016_20210730.wav,"우리는 흑당 라떼 세 잔과, 수박 스무디 한 잔이랑 청포도 주스 두 잔, 그리고 딸기 팥빙수를 주문했어요.",우리는 아이스 아메리카노 세찬과 수박 스무티 한잔 딸기생크림 케이크와 워플을 주문했어요.,ICE 아메리카노,라떼,['ICE 아메리카노'],X,O
EX12RC045_EX0510_20210930.wav,"우리는 아이스 아메리카노 세 잔과, 수박 스무디 한 잔, 그리고 딸기 생크림 케이크를 주문했어요.",우리는 아이스크림 케익을 주문했어요.,ICE 초코 케익,아메리카노,['ICE 초코'],X,X
VN12RC046_VN0356_20211110.wav,"스무디를 시킨 친구는, 예전에 우유를 마시고 배가 아파 병원에 간 적이 있어서, 그 뒤로 우유가 든 라떼를 안 마신대요.",스무대를 시킨 친구는 예전에 우유를 마시고 배가 아파 병원에 감적이 있어서 그대로 우유가 든 라떼는 안 마신대요.,스무대를 시킨 친구는 예전에 우유를 마시고 배가 아파 병원에 감적이 있어서 그대로 우유가 든 라떼는 안 마신대요.,라떼,"['카페라떼', '바닐라라떼', '연유라떼', '카페모카', '카라멜마끼아또', 'ICE 카페라떼', 'ICE 바닐라라떼', 'ICE 연유라떼', 'ICE 카페모카', 'ICE 카라멜마끼아또']",O,O
VN12RC045_VN0385_20211009.wav,"우리는 흑당 라떼 세 잔과, 수박 스무디 한 잔이랑 청포도 주스 두 잔, 그리고 딸기 팥빙수를 주문했어요.",우리는 흑장 라테 세 잔과 수박 스무찌한 잔이랑 정보도 조수 두 잔 그리고 딸기 박핑수는 주문했어요.,우리는 흑장 라테 세 잔과 수박 스무찌한 잔이랑 정보도 조수 두 그리고 딸기 박핑수는 주문했어요.,라떼,['복숭아 아이스티'],X,X
EX12RC045_EX0672_20211018.wav,"우리는 아이스 아메리카노 세 잔과, 수박 스무디 한 잔, 그리고 딸기 생크림 케이크를 주문했어요.",우리는 아이스아��리카노 세찬과 수빡스모디한 잔 그리고 딸기 생크림 그이크로 주무였어요,ICE 우리는 ICE 세찬과 수빡스모디한 그리고 딸기 생크림 그이크로 주무였어요,아메리카노,['ICE 초코'],X,X
